-- phpMyAdmin SQL Dump
-- version 4.9.7
-- https://www.phpmyadmin.net/
--
-- Host: localhost:3306
-- Generation Time: Nov 02, 2022 at 11:30 PM
-- Server version: 10.3.36-MariaDB-cll-lve
-- PHP Version: 7.4.30

SET SQL_MODE = "NO_AUTO_VALUE_ON_ZERO";
SET AUTOCOMMIT = 0;
START TRANSACTION;
SET time_zone = "+00:00";


/*!40101 SET @OLD_CHARACTER_SET_CLIENT=@@CHARACTER_SET_CLIENT */;
/*!40101 SET @OLD_CHARACTER_SET_RESULTS=@@CHARACTER_SET_RESULTS */;
/*!40101 SET @OLD_COLLATION_CONNECTION=@@COLLATION_CONNECTION */;
/*!40101 SET NAMES utf8mb4 */;

--
-- Database: `asadthwe_spp_inay`
--

-- --------------------------------------------------------

--
-- Table structure for table `tb_admin`
--

CREATE TABLE `tb_admin` (
  `id_admin` int(11) NOT NULL,
  `username` varchar(200) NOT NULL,
  `password` varchar(200) NOT NULL,
  `email` varchar(200) NOT NULL
) ENGINE=InnoDB DEFAULT CHARSET=utf8mb4;

--
-- Dumping data for table `tb_admin`
--

INSERT INTO `tb_admin` (`id_admin`, `username`, `password`, `email`) VALUES
(2, 'zakinafi', 'bendahara1_2022', 'nafi2022@gmail.com'),
(3, 'zakiyuddin', 'bendahara2_2022', 'zakinonstop1@gmail.com');

-- --------------------------------------------------------

--
-- Table structure for table `tb_bulan`
--

CREATE TABLE `tb_bulan` (
  `id_bulan` int(11) NOT NULL,
  `nama_bulan` varchar(100) NOT NULL
) ENGINE=InnoDB DEFAULT CHARSET=utf8mb4;

--
-- Dumping data for table `tb_bulan`
--

INSERT INTO `tb_bulan` (`id_bulan`, `nama_bulan`) VALUES
(1, 'Muharam'),
(2, 'Shafar'),
(3, 'Rabi\'ul awal'),
(4, 'Rabi\'ul akhir'),
(5, 'Jumadil awal'),
(6, 'Jumadil akhir'),
(7, 'Rajab'),
(8, 'Sya\'ban'),
(9, 'Ramadhan'),
(10, 'Syawal'),
(11, 'Dzulqa\'dah'),
(12, 'Dzulhijjah');

-- --------------------------------------------------------

--
-- Table structure for table `tb_data_santri`
--

CREATE TABLE `tb_data_santri` (
  `id` int(11) NOT NULL,
  `nama` varchar(200) NOT NULL,
  `nis` varchar(20) NOT NULL,
  `tgl_lahir` date DEFAULT NULL,
  `alamat` varchar(200) NOT NULL,
  `jenis_kelamin` enum('L','P') NOT NULL,
  `id_kamar` int(11) NOT NULL,
  `id_kelas` int(11) NOT NULL,
  `no_hp` varchar(20) NOT NULL,
  `password` varchar(20) NOT NULL,
  `tgl_masuk` date DEFAULT NULL,
  `status` enum('1','2','3','4') NOT NULL DEFAULT '1',
  `foto` varchar(200) NOT NULL
) ENGINE=InnoDB DEFAULT CHARSET=utf8mb4;

--
-- Dumping data for table `tb_data_santri`
--

INSERT INTO `tb_data_santri` (`id`, `nama`, `nis`, `tgl_lahir`, `alamat`, `jenis_kelamin`, `id_kamar`, `id_kelas`, `no_hp`, `password`, `tgl_masuk`, `status`, `foto`) VALUES
(1, 'Abdul Rozaq', '22.01.0001 ', '0000-00-00', 'Tungkluk rt 01/03, Manisharjo, Bendosari, Sukoharjo ', 'L', 9, 5, '082137470254', '17102', '0000-00-00', '2', ''),
(2, 'Achmad Amirochbuna', '22.01.0002 ', '0000-00-00', 'JL. Benteng No.16, Benteng, Menoreh, Salaman, Magelang, Jawa Tengah', 'L', 9, 4, '088233803851', '15038', '0000-00-00', '2', '2022-07-20.jpg'),
(3, 'Achmad Saiful Utsman', '22.01.0003 ', '0000-00-00', 'Dsn. Bandung RT. 01/RW. 02 Kalisari, Mertoyudan, Kec. Mertoyudan, Magelang, Jawa Tengah', 'L', 8, 6, '083145393225', '18313', '0000-00-00', '2', ''),
(4, 'Adha Maulana', '22.01.0004 ', '0000-00-00', 'Dieng Kulon Rt 002 Rw 003, Batur, Banjarnegara', 'L', 8, 6, '085876987654', '29214', '0000-00-00', '3', ''),
(5, 'Aditya Galih Priyanto', '22.01.0005 ', '0000-00-00', 'Mranggen Kidul RT. 07/RW. 27, Sinduadi, Mlati, Sleman, D.I.Y', 'L', 14, 1, '08995586439', '40513', '0000-00-00', '1', ''),
(6, 'Ahid Nurunnahdli Farhan', '22.01.0006 ', '0000-00-00', 'Jogopaten RT 01/RW 04, Buluspesantren, Kebumen', 'L', 1, 4, '083867120501', '84750', '0000-00-00', '1', ''),
(7, 'Ahmad Akil Izul Haq', '22.01.0007 ', '0000-00-00', 'Ketapang 01/02 desa Ketapang, kec. susukan, kab. semarang, jawatengah ', 'L', 9, 2, '081391235489', '16169', '0000-00-00', '1', ''),
(8, 'Ahmad Zaqi Oktavian Mahatma', '22.01.0008 ', '0000-00-00', 'Ngentak, Kalibening, Dukun , Magelang', 'L', 4, 4, '087705484049', '45174', '0000-00-00', '1', ''),
(9, 'Andi Irawan', '22.01.0009 ', '1999-12-15', 'Dsn. Krajan RT. 11/RW. 05, Kucur, Dau, Malang, Jawa Timur', 'L', 2, 4, '085549066515', '63917', '0000-00-00', '2', ''),
(10, 'Andriyan', '22.01.0010 ', '2003-09-13', 'Blok tengah Rt. 09 Rw. 02, Ds. Kiajaran kulon Kec. Lohbener, Kab. Indramayu, Jawa Barat', 'L', 10, 2, '085624800843', '67886', '2021-08-21', '1', ''),
(11, 'Anwar Arifin', '22.01.0011 ', '0000-00-00', 'Sindang Jaya, Mangunjaya, Pangandaran, Jawa Barat', 'L', 8, 6, '087838889291', '21029', '0000-00-00', '3', ''),
(12, 'Ardiyanto', '22.01.0012 ', '0000-00-00', 'Tanggalan, Karangrejo, Selomerto, Wonosobo', 'L', 6, 4, '082133292243', '45556', '0000-00-00', '2', ''),
(13, 'As\'ad Tahta Alfina', '22.01.0013 ', '2000-05-09', 'Jl. Joko Sangkrip, Tlimbang, Candimulyo, Kebumen, Jawa Tengah', 'L', 6, 4, '083106520666', '13173', '2019-08-01', '2', 'IMG_0067(1).JPG'),
(14, 'Auditya Valerio Mas Said', '22.01.0014 ', '0000-00-00', 'Cikarang Selatan, Bekasi, Perumahan Megaregency Blok Cd.5/No. 1', 'L', 5, 4, '085600643404', '11522', '0000-00-00', '2', ''),
(15, 'Bintang', '22.01.0015 ', '0000-00-00', 'Jalan Raya Lajer Blok Sukamukti RT. 01/ RW. 01, Tukdana, Indramayu, Jawa Barat', 'L', 10, 5, '08999174458', '18984', '0000-00-00', '2', ''),
(16, 'Catur Rohmat', '22.01.0016 ', '0000-00-00', 'Pasar Senen RT. 01/RW. 01, Ambal, Kebumen, Jawa Tengah', 'L', 2, 5, '083863412678', '13091', '0000-00-00', '2', ''),
(17, 'Dimas Yusuf Maulana', '22.01.0017 ', '0000-00-00', 'Kp. Pakuhaji RT. 45/RW. 19, Ds. Sundawenang, Kec. Parungkuda, Sukabumi, Jawa Barat', 'L', 2, 2, '081213588376', '15640', '0000-00-00', '1', ''),
(18, 'Dzaky Nafi Anraistida', '22.01.0018 ', '0000-00-00', 'Pucang RT. 01/RW. 08, Kec. Bawang, Banjarnegara, Jawa Tengah', 'L', 10, 5, '081326404159', '17209', '0000-00-00', '2', ''),
(19, 'Eriko Elsa Daje', '22.01.0019 ', '0000-00-00', 'Prapag Kidul RT. 01/RW. 05, Ds. Prapag Kidul, Kec. Losari, Kab. Brebes', 'L', 1, 2, '089527301588', '17234', '0000-00-00', '1', ''),
(20, 'Farhan Mufti Hilmy', '22.01.0020 ', '0000-00-00', 'Kedawung RT. 04/RW. 03, Pejagoan, Kebumen, Jawa Tengah', 'L', 3, 4, '0895383232552', '17232', '0000-00-00', '1', ''),
(21, 'Fikri Gusnur', '22.01.0021 ', '0000-00-00', 'Tungu RT. 06/RW. 01, Kec. Godong, Kab. Grobogan, Jawa Tengah', 'L', 8, 6, '085640298722', '21044', '0000-00-00', '3', ''),
(22, 'Ginanjar Taufik Rahman Pamungkas', '22.01.0022 ', '0000-00-00', '', 'L', 8, 2, '082213772788', '11218', '0000-00-00', '2', ''),
(23, 'Haedar Alfi Yahya', '22.01.0023 ', '0000-00-00', 'Ds. Sumberadi RT. 03/RW. 03, Kebumen, Jawa Tengah', 'L', 10, 6, '089512981259', '14205', '0000-00-00', '3', ''),
(24, 'Hidayat Wakhid Wahyudin', '22.01.0024 ', '0000-00-00', 'Rejosari RT. 01/RW. 01, Pujodadi, Bonorowo, Kebumen, Jawa Tengah', 'L', 1, 5, '085868687725', '86223', '0000-00-00', '2', ''),
(25, 'Ichsan Fachrul Ryan Rozikin', '22.01.0025 ', '0000-00-00', 'Jl. Ponorogo-Trenggalek, RT. 01/RW. 01 Tamansari, Ds. Sambit, Kec. Sambit, Ponorogo, Jawa Timur', 'L', 2, 2, '081220582636', '10158', '0000-00-00', '1', ''),
(26, 'Ihwan Maulana', '22.01.0026 ', '0000-00-00', 'Wonoboyo RT. 03/RW. 02, Ngombol, Purworejo, Jawa Tengah, Indonesia', 'L', 4, 5, '085803954102', '15583', '0000-00-00', '2', ''),
(27, 'Iman Ismail', '22.01.0027 ', '0000-00-00', 'Ds. Surajaya RT. 03/Rw. 04, Kec. Pemalang, Kab. Pemalang, Jawa tengah', 'L', 8, 6, '083876755675', '49455', '0000-00-00', '3', ''),
(28, 'Irsyad', '22.01.0028 ', '0000-00-00', 'Ds. Dieng Kulon RT.02/RW. 03, Kec. Batur, Banjarnegara, Jawa Tengah', 'L', 8, 3, '082234135794', '32336', '0000-00-00', '2', ''),
(29, 'Iwan Prasetyo', '22.01.0029 ', '0000-00-00', 'JL. letjend Suprato RT. 01/RW. 02 Parit Benut, Tanjung Balai Karimun, Kepulauan Riau', 'L', 14, 1, '081275954866', '19725', '0000-00-00', '1', ''),
(30, 'Muhammad Adib Fikri Lailunnaja', '22.01.0030 ', '0000-00-00', 'Dangkel, Parakan, Temanggung, Jawa Tengah', 'L', 8, 4, '085875008608', '88135', '0000-00-00', '2', ''),
(31, 'Muhammad Faizzudin Munif', '22.01.0031 ', '0000-00-00', 'Gunungsari, Ngeposari, Semanu, Gunung Kidul, D.I.Y', 'L', 5, 3, '085921789158', '95691', '0000-00-00', '1', ''),
(32, 'M. Khoirul Umam Nawawi', '22.01.0032 ', '0000-00-00', 'Dsn Sambeng RT. 02/RW. 02, Bringin, Kauman, Ponorogo ', 'L', 14, 1, '087757775869', '58533', '0000-00-00', '1', ''),
(33, 'M. Kamal Jaza', '22.01.0033 ', '0000-00-00', 'Jenggot Setu RT. 02/RW. 10, Pekalongan, Jawa Tengah', 'L', 9, 1, '082265566757', '18237', '0000-00-00', '1', ''),
(34, 'Maulana Cahya Permana Putra', '22.01.0034 ', '0000-00-00', 'Sapuangin RT. 01/RW. 01, Sindangangin, Lakbok, Ciamis, Jawa Barat', 'L', 8, 3, '082217600995', '16656', '0000-00-00', '1', ''),
(35, 'Miftakhurrohman Nur Hamid', '22.01.0035 ', '0000-00-00', 'Kismobudoyo RT. 03/RW. 03, Kelurahan Banaran, Kec. Boyolali, Kab. Boyolali, Jawa Tengah', 'L', 9, 1, '08813852324', '20701', '0000-00-00', '1', ''),
(36, 'Mochamad Lathif Amin', '22.01.0036 ', '0000-00-00', 'Kaliwedi RT. 03/RW. 04, Kebasen, Banyumas, Jawa Tengah', 'L', 1, 6, '085713677198', '13381', '0000-00-00', '3', ''),
(37, 'Moh. Ikhsanudin', '22.01.0037 ', '2005-06-09', 'Kebumen, Jawa Tengah', 'L', 8, 5, '081348657072', '60674', '2018-08-31', '2', 'IMG-20220910-WA0006.jpg'),
(38, 'Mohammad Ali Khudzaifi', '22.01.0038 ', '0000-00-00', 'Jl. Raya Sedan KM.01 RT. 02/RW. 05 Sedan, Kec. Sedan, Rembang, Jawa Tengah', 'L', 5, 6, '081311337023', '70699', '0000-00-00', '3', ''),
(39, 'Mohammad Ikhsan Udin', '22.01.0039 ', '0000-00-00', 'Danasari RT. 06/RW. 02, Bojong, Tegal, Jawa Tengah', 'L', 3, 2, '085868163185', '12644', '0000-00-00', '1', ''),
(40, 'Mubarok Alfa Rizqi', '22.01.0040 ', '0000-00-00', 'Slarang Kidul, Lebaksiu, Tegal, Jawa Tengah', 'L', 14, 3, '081519382355', '59671', '0000-00-00', '4', ''),
(41, 'Much. Putra Baihaqi Shodiq', '22.01.0041 ', '0000-00-00', 'JL. Merdeka RT. 03/RW. 02, Ds. Plumbangan, Kec. Doko, Blitar, Jawa timur', 'L', 9, 1, '088217247679', '66214', '0000-00-00', '1', ''),
(42, 'Muhamad Khoirul Imamil Muttaqin', '22.01.0042 ', '0000-00-00', 'Sriwedari, Muntilan, Magelang, Jawa Tengah', 'L', 8, 4, '085740638358', '14537', '0000-00-00', '1', ''),
(43, 'Muhammad Abdul Khakim', '22.01.0043 ', '2001-01-17', 'Dsn. Bojong RT. 01/RW. 01, Ds. Giyanti, Candimulyo, Magelang, Jawa Tengah', 'L', 6, 4, '085747054494', '45543', '2019-08-26', '2', 'IMG_20210201_062713649.jpg'),
(44, 'Muhammad Alfian Mukti Sampurno', '22.01.0044 ', '0000-00-00', 'JL. Raya Kedungbanteng, RT. 04/RW. 03 Ds. Kedungbanteng, Kec. Kedungbanteng, Kab. Banyumas, Jawa Tengah ', 'L', 2, 3, '081327522486 ', '35449', '0000-00-00', '1', ''),
(45, 'Muhammad Ashraff Nur Ardi', '22.01.0045 ', '2000-10-05', 'Srimulyo RT. 05/RW. 02, Kecik, Tanon, Sragen, Jawa Tengah ', 'L', 2, 3, '085783826914', '17106', '2020-07-16', '2', 'DSC_5072.JPG'),
(46, 'Muhammad Asril Aldi', '22.01.0046 ', '0000-00-00', 'Ds. Rajawana RT. 02/RW. 01, Rajawana, Purbalingga, Jawa Tengah', 'L', 6, 3, '08976665175', '21001', '0000-00-00', '1', ''),
(47, 'Muhammad Elmi Alansyah', '22.01.0047 ', '0000-00-00', 'Jalan Raya No 5, Krajan, Muncar, Banyuwangi, Jawa Timur', 'L', 14, 6, '082331282071', '10876', '0000-00-00', '4', ''),
(48, 'Muhammad Imam Febriansyah', '22.01.0048 ', '0000-00-00', 'Jalan pemuda RT 03 RW 03 desa jagapura kecamatan kersana, kabupaten brebes', 'L', 14, 1, '0000', '20743', '0000-00-00', '1', ''),
(49, 'Muhammad Ivang Rizaldi', '22.01.0049 ', '0000-00-00', 'RT. 08/RW. 03 Desa Banjaranyar, Kec. Randudongkal, Kab.  Pemalang, Jawa tengah', 'L', 2, 6, '087867337303', '60620', '0000-00-00', '3', ''),
(50, 'Muhammad Mustaqim', '22.01.0050 ', '0000-00-00', 'Dsn. Bakulan lot RT. 06/RW. 02, Ds. Bakulan, Kec. Cepogo, Kab. Boyolali', 'L', 5, 3, '085602950075', '16776', '0000-00-00', '1', ''),
(51, 'Muhammad Nadhif Zuhri', '22.01.0051 ', '0000-00-00', 'RT. 01/RW. 04 Jangli Kulon, Desa Jogopaten, Kec. Buluspesantren, Kebumen, Jawa Tengah', 'L', 9, 3, '083128250541', '74409', '0000-00-00', '1', ''),
(52, 'Muhammad Najmi Mumbada', '22.01.0052 ', '2001-12-06', 'JL. KH. Ja\'far 29, RT. 010/RW. 004 Desa Samborejo, Kec. Tirto, Kab. Pekalongan, Jawa Tengah', 'L', 5, 3, '085725207324', '10316', '2021-05-30', '1', 'IMG_20210513_071658.jpg'),
(53, 'Muhammad Nur Mahardika Atmaja', '22.01.0053 ', '0000-00-00', 'JL. Dewi Sartika No. 26, Lumajang, Jawa Timur', 'L', 9, 2, '081225723305', '62821', '0000-00-00', '1', ''),
(54, 'Muhammad Rizki', '22.01.0054 ', '0000-00-00', 'Sawahan 2 Bleberan Playen Wonosari Gunung Kidul RT. 38/RW. 06', 'L', 10, 1, '088214868340', '11424', '2020-01-01', '1', ''),
(55, 'Muhammad Yusuf', '22.01.0055 ', '0000-00-00', 'Kedon RT. 03/RW. 04, Rejosari, Bandongan, Magelang, Jawa Tengah', 'L', 4, 4, '085640739832', '19020', '2019-09-19', '2', ''),
(56, 'Muhammad Zakiyuddin', '22.01.0056 ', '2001-06-28', 'Kragilan RT. 04/RW. 03, Progowati, Mungkid, Magelang, Jawa Tengah', 'L', 10, 4, '089506453865', '11892', '2019-09-19', '2', 'download.jpeg'),
(57, 'Munir', '22.01.0057 ', '0000-00-00', 'Gesing JL.Dalan Anyar RT. 01/RW. 02, Krasak, Salaman, Magelang, Jawa Tengah', 'L', 8, 6, '085743252588', '47309', '0000-00-00', '3', ''),
(58, 'Nahid Khoirun Nawal', '22.01.0058 ', '0000-00-00', 'Ds. Kuningan, Kec. Kanigoro, Kab. Blitar, Jawa Timur', 'L', 5, 3, '08885269930', '81062', '0000-00-00', '1', ''),
(59, 'Najmu Tsakib', '22.01.0059 ', '2004-01-24', 'Ds. Kebagusan RT. 28/RW. 05, Kec. Ampelgading, Pemalang, Jawa Tengah', 'L', 3, 5, '085647729904', '19311', '0000-00-00', '2', 'ACB0026F-0005-4C84-B9C8-A706D83A9A2C.jpeg'),
(60, 'Novadhan Rifa\'i Nur Ardi', '22.01.0060 ', '0000-00-00', 'Srimulyo RT. 05/RW. 02, Kecik, Tanon, Sragen, Jawa Tengah ', 'L', 3, 2, '087739915682', '15587', '2021-08-29', '1', 'CC0C0B7B-FF89-4CBD-83A0-098B37876C17.jpeg'),
(61, 'Nur Jauhar Muslih', '22.01.0061 ', '2001-02-24', 'JL. Parangtritis Km. 8,2, Sewon, Bantul, D.I.Y', 'L', 9, 4, '081336715086', '64405', '2019-08-03', '2', ''),
(62, 'Nur Shidiq', '22.01.0062 ', '0000-00-00', 'Japunagung RT. 01/RW. 03, Sidoagung, Tempuran, Magelang, Jawa Tengah', 'L', 8, 4, '089671302617', '93082', '2011-01-01', '2', ''),
(63, 'Pandugusti Tahtabumi', '22.01.0063 ', '0000-00-00', 'JL. Kapten Laut Samadikun asrama rahadi oesman ', 'L', 3, 3, '085754332252', '13533', '0000-00-00', '1', ''),
(64, 'Puji Kurniawan', '22.01.0064 ', '2001-08-02', 'RT. 11/RW. 03 Sidomukti, Sungai Geram, Muara Jambi, Muara Jambi, Jambi', 'L', 8, 4, '081227381742', '12235', '2019-01-01', '2', ''),
(65, 'Rahman Alwi Rifa\'i', '22.01.0065 ', '2000-07-15', 'Kedaleman Wetan, Puring, Kebumen, Jawa Tengah', 'L', 1, 4, '082324933596', '51518', '2019-08-10', '1', 'DSC_0567.jpg'),
(66, 'Reiyzqy Ilham Fazarrillah Samsudin', '22.01.0066 ', '0000-00-00', 'Kp Maranggi RT. 04/RW. 02, Kosambi, Cipunagara, Subang, Jawa Barat ', 'L', 10, 2, '08990681493', '14784', '0000-00-00', '1', ''),
(67, 'Rifqy Mungalim', '22.01.0067 ', '0000-00-00', 'Randegan, Karangjati, Sampang, Cilacap, jawa Tengah', 'L', 3, 6, '085747432493', '13835', '0000-00-00', '2', ''),
(68, 'Rizqi Fadhilah Ramadhan', '22.01.0068 ', '0000-00-00', 'kav. H.Hamidi RT. 06/RW. 14, Kebalen, Babelan, Bekasi, Jawa Barat', 'L', 6, 3, '085782668832', '20068', '0000-00-00', '1', ''),
(69, 'Sabik Hikami', '22.01.0069 ', '0000-00-00', 'JL. Marsudi RT. 01/RW. 11 Sumbersari, Padangsari, Majenang, Cilacap, Jawa Tengah ', 'L', 14, 2, '085158926779', '87480', '0000-00-00', '4', ''),
(70, 'Saefulloh Thaher', '22.01.0070 ', '0000-00-00', 'Blok Selasa RT. 01/RW. 03, Jati Tengah, Jati Tujuh, Majalengka, Jawa Barat', 'L', 6, 6, '082297496106', '15570', '0000-00-00', '3', ''),
(71, 'Saipul Bahri', '22.01.0071 ', '0000-00-00', 'JL. Raya Lejer RT. 02/RW. 01, Kec. Tukdana, Kab. Indramayu, Jawa Barat', 'L', 10, 1, '087713112176', '20969', '0000-00-00', '1', ''),
(72, 'Sayyid Syah Makhrojan Arji\'in', '22.01.0072 ', '0000-00-00', 'Ds. Lejer, Kec. Tukdana, Kab. Indramayu, Jawa Barat', 'L', 10, 1, '083196702772', '75929', '0000-00-00', '1', ''),
(73, 'Sudarmono', '22.01.0073 ', '0000-00-00', 'Dsn. Sambeng RT. 02/RW. 02, Ds. Bringin, Kec. Kauman, Kab. Ponorogo, Jawa Timur ', 'L', 1, 2, '082278888718', '43791', '0000-00-00', '1', ''),
(74, 'Syamsul Rafli', '22.01.0074 ', '0000-00-00', 'Dsn. Karangtengah RT. 22/RW. 08, Ds. Balokang, Kec. Banjar, kota Banjar, Jawa barat', 'L', 10, 1, '081312745294', '17708', '0000-00-00', '1', ''),
(75, 'Syarifuddin Tamim', '22.01.0075 ', '0000-00-00', 'Jlegongan Kulon, Margororjo, Tempel, Sleman, D.I.Y', 'L', 4, 4, '085865418291', '16386', '2019-06-19', '1', ''),
(76, 'Ulil Albab', '22.01.0076 ', '0000-00-00', 'RT. 03/RW. 11 Tiyono, Ds. Kaloran, Kec. Kaloran, Temanggung, Jawa Tengah', 'L', 14, 1, '085643359808', '12335', '0000-00-00', '4', ''),
(77, 'Wahyu Putra Adirianto', '22.01.0077 ', '0000-00-00', 'Jl. Sedap Malam Raya No. 19 TM Yasmin, Bogor, Jawa Barat', 'L', 14, 1, '082329714614', '17917', '0000-00-00', '4', ''),
(78, 'Wildan \'Aly Haidar Arvissalam', '22.01.0078 ', '0000-00-00', 'RT.01/RW.01 Baturono, Ds. Baturono, Kec. Salam, Magelang, Jawa Tengah', 'L', 5, 5, '081228460390', '17387', '0000-00-00', '2', ''),
(79, 'Yoga Diki Safarinda', '22.01.0079 ', '0000-00-00', 'Klenggukan RT. 01/RW. 31', 'L', 4, 2, '088239960731', '98757', '0000-00-00', '1', ''),
(80, 'M. Faiz Khamdani', '22.01.0080 ', '0000-00-00', 'JL. Singolodro No. 23A Gedong, Sananwetan, Blitar, Jawa Timur', 'L', 9, 2, '085895026455', '99245', '0000-00-00', '1', ''),
(81, 'Irvan Asrofi', '22.01.0081 ', '0000-00-00', 'JL. Kahayan RT. 08/ RW. 02, Sidomulyo, Kombeng, Kutai Timur, Kalimantan Timur', 'L', 6, 1, '085290744142', '21245', '0000-00-00', '1', ''),
(82, 'Ahmad Zaenuri', '22.01.0082 ', '0000-00-00', 'JL. Kahayan RT. 08/ RW. 02, Sidomulyo, Kombeng, Kutai Timur, Kalimantan Timur', 'L', 1, 2, '081225181112', '52568', '0000-00-00', '1', ''),
(83, 'Choerul Wafa', '22.01.0083 ', '0000-00-00', 'Banjaran RT. 01/RW. 04, Plosogaden, Candiroto, Temanggung, Jawa Tengah', 'L', 2, 1, '085540605009', '18159', '0000-00-00', '1', ''),
(84, 'Ahmad Rizki Fauzi', '22.01.0084 ', '0000-00-00', '-', 'L', 9, 1, '0000', '17351', '0000-00-00', '1', ''),
(85, 'Muhamad Wasiul Hakim', '22.01.0085 ', '0000-00-00', 'Guntur RT. 07/RW. 02, Ds. Guntur, Kec. Guntur, Demak, Jawa Tengah ', 'L', 3, 2, '088225062179', '47664', '0000-00-00', '1', ''),
(86, 'Muhammaad Akmal Hafidzuddin Zaini', '22.01.0086 ', '0000-00-00', 'Krajan, Kebon Gunung, Loano, Purworejo, Jawa Tengah', 'L', 6, 1, '0895339281374', '21281', '0000-00-00', '1', ''),
(87, 'Rizqi Syahrul Hidayat', '22.01.0087 ', '0000-00-00', 'Ds. Tunjungrejo, Kec. Margoyoso, Pati, Jawa Tengah', 'L', 3, 2, '082136676476', '10577', '0000-00-00', '1', ''),
(88, 'Fahreza Ghalbi Sekhan', '22.01.0088 ', '0000-00-00', 'RT. 02/RW. 02, Kuwon, Pakurejo, Bulu, Temanggung, Jawa Tengah', 'L', 4, 1, '087850076226', '18157', '0000-00-00', '1', ''),
(89, 'Muhammad Muhyiddin', '22.01.0089 ', '2002-09-28', 'Ds. Balongpanggang, Kec. Balongpanggang, Gresik, Jawa Timur', 'L', 5, 3, '081361718464', '12304', '0000-00-00', '1', ''),
(90, 'Dhimas Sholikhul Huda ', '22.01.0090 ', '1997-07-22', 'Dsn. Paten, Ds. Paten, Kec. Dukun, Magelang, Jawa Tengah', 'L', 5, 2, '085800620610', '10327', '0000-00-00', '1', ''),
(91, 'Muhammad Faqih Wijaya', '22.01.0091 ', '0000-00-00', 'Perumahan Wijaya Kusuma Blok C2, Bobosan, Purwokerto Utara, Jawa Tengah', 'L', 4, 1, '087831563535', '11143', '0000-00-00', '1', ''),
(92, 'Rayhan Islamey', '22.01.0092 ', '0000-00-00', 'Puri Angkasa Residence 3, Tanah Baru, Kec. Beji, Kota Depok, Jawa Barat', 'L', 14, 1, '085777323252', '10370', '0000-00-00', '4', ''),
(93, 'Ahmad Kholid Ansori', '22.01.0093 ', '0000-00-00', 'Ds. Winong, Kec. Gempol, Kab. Cirebon, Jawa Barat', 'L', 5, 1, '085961747389', '87158', '0000-00-00', '1', ''),
(94, 'M. Syamsul Ma\'arif', '22.01.0094 ', '0000-00-00', 'JL. Makam 2 Ds. Balapulang Wetan, RT. 09/RW. 08, Kec. Balapulang, Tegal, Jawa Tengah', 'L', 9, 3, '082138220019', '55416', '0000-00-00', '1', ''),
(95, 'Muhamad Fikri Halwan Fauzi', '22.01.0095 ', '0000-00-00', 'Karangsari RT. 02/RW. 05, Cimanggu, Cilacap, Jawa Tengah', 'L', 1, 2, '089688058773', '19064', '0000-00-00', '1', ''),
(96, 'M. Adil Raya', '22.01.0096 ', '0000-00-00', 'Perumahan Kalikondang Pesona Asri Blok E No. 29, Kalikondang, Demak, Jawa Tengah', 'L', 3, 1, '085740245750', '17482', '0000-00-00', '1', ''),
(97, 'Dery Rizky Pratama', '22.01.0097 ', '0000-00-00', 'JL. Cikawung RT. 01/RW. 10, Tanggung, Kepanjenkidul, Blitar, Jawa Timur', 'L', 9, 6, '082331801115', '93415', '0000-00-00', '1', ''),
(98, 'Alif Sholikhin Luthfianto', '22.01.0098 ', '0000-00-00', 'Cungkuk RT. 02/RW. 19, Margorejo, Tempel, Sleman, D.I.Y', 'L', 10, 4, '085777458649', '26342', '0000-00-00', '2', ''),
(99, 'Bagus Purnomo', '22.01.0099 ', '2002-01-30', 'Gang Pegadaian RT. 05/RW. 01, Petanahan, Kebumen, Jawa Tengah', 'L', 2, 2, '082241311452', '16304', '0000-00-00', '1', ''),
(100, 'Rooby Pangestu Hari Mulyo', '22.01.0100 ', '0000-00-00', 'Galuh Timur RT. 03/RW. 01, Tonjong, Brebes, Jawa Tengah', 'L', 2, 2, '085292363379', '81839', '0000-00-00', '1', ''),
(101, 'Nurul Fitrian Eko Saputro', '22.01.0101 ', '0000-00-00', 'Wothbuono RT.03/RW. 02, Klirong, Kebumen, Jawa Tengah', 'L', 1, 2, '088980042460', '14669', '0000-00-00', '1', ''),
(102, 'Tegar Satrio Yuliawan', '22.01.0102 ', '0000-00-00', 'JL. Betet Dalam RT. 01/RW. 06, Tambora, Tambora, Jakarta Barat', 'L', 14, 1, '085330086966', '51840', '0000-00-00', '4', ''),
(103, 'Abdul Fatah', '22.01.0103 ', '2001-12-14', 'JL. S. Parman RT. 02/RW. 03, Ds. Rawajaya, Bantarsari, Cilacap, Jawa Tengah', 'L', 9, 2, '081227719414', '65641', '2021-11-28', '1', ''),
(104, 'Ahmed Syukron Ghozali', '22.01.0104 ', '0000-00-00', 'Pacar RT. 08/RW.   , Sewon, Bantul, D.I.Y', 'L', 8, 3, '08995465375', '84447', '0000-00-00', '1', ''),
(105, 'Diki Maulana Putra', '22.01.0105 ', '2004-02-08', 'RT. 01/RW. 01, Ds. Mekarjaya, Kec. Keluwang, Kab. Musi Banyu Asin, Sumatra Selatan', 'L', 1, 2, '085273693171', '18411', '2022-06-12', '1', 'IMG-20220530-WA0014.jpg'),
(106, 'Arfan Damar Wijayanto', '22.01.0106 ', '0000-00-00', 'Pendeman, Trimulyo, Sleman, D.I.Y', 'L', 10, 1, '087879194032', '14170', '0000-00-00', '1', ''),
(107, 'Abdul Wafi', '22.01.0107 ', '0000-00-00', 'RT. 07/RW. 02 Lembor Brondong Lamongan', 'L', 9, 1, '0882003257138', '33529', '0000-00-00', '1', ''),
(108, 'Muhammad Chassholal', '22.01.0108 ', '0000-00-00', 'JL. Resimen 18 No. 106 Kp. Kliwonan RT. 03/RW. 07, Kel. Wonosobo Barat, Kec. Wonosobo, Jawa Tengah ', 'L', 9, 1, '087815190632', '15316', '0000-00-00', '1', ''),
(109, 'Muhammad Syifaurrohman', '22.01.0109 ', '0000-00-00', 'RT. 01/RW. 02 Dukuhan, Gunungpring, Muntilan, Magelang, Jawa Tengah', 'L', 9, 1, '081215807794', '12676', '0000-00-00', '1', ''),
(110, 'Sya\'ban Nurbayan', '22.01.0110 ', '0000-00-00', 'Bengkulu', 'L', 9, 1, '081321492157', '18219', '0000-00-00', '1', ''),
(111, 'Yoda', '22.01.0111 ', '0000-00-00', '', 'L', 6, 1, '0808', '30255', '0000-00-00', '1', ''),
(112, 'Yusuf Arifin', '22.01.0112 ', '0000-00-00', '', 'L', 10, 1, '081229112706', '14121', '0000-00-00', '1', ''),
(113, 'Fillah Kurniawan', '22.01.0113 ', '0000-00-00', 'Blitar', 'L', 4, 1, '085159994442', '95432', '0000-00-00', '1', ''),
(114, 'Muhammad Hafi Dliyauddin', '22.01.0114 ', '2007-11-14', 'Kragilan Rt 04 Rw 03, Progowati, Mungkid, Magelang', 'L', 10, 1, '083877575340', '32468', '2022-06-19', '1', ''),
(115, 'Arga Lutfi Hafis Firman', '22.01.0115 ', '0000-00-00', '', 'L', 6, 1, '0823-1397-0207', '59608', '0000-00-00', '1', ''),
(116, 'Syaban', '22.01.0116 ', '0000-00-00', '', 'L', 6, 1, '081321492157', '31988', '0000-00-00', '1', '');

-- --------------------------------------------------------

--
-- Table structure for table `tb_data_tagihan`
--

CREATE TABLE `tb_data_tagihan` (
  `id` int(11) NOT NULL,
  `id_tahun` int(11) NOT NULL,
  `id_bulan` int(11) NOT NULL,
  `nominal` varchar(200) NOT NULL,
  `tagihan_ustadz` varchar(10) NOT NULL
) ENGINE=InnoDB DEFAULT CHARSET=utf8mb4;

--
-- Dumping data for table `tb_data_tagihan`
--

INSERT INTO `tb_data_tagihan` (`id`, `id_tahun`, `id_bulan`, `nominal`, `tagihan_ustadz`) VALUES
(1, 1, 1, '175000', '100000'),
(2, 1, 2, '175000', '100000'),
(3, 1, 3, '175000', '100000'),
(4, 1, 4, '175000', '100000'),
(5, 1, 5, '175000', '100000'),
(6, 1, 6, '175000', '100000'),
(7, 1, 7, '175000', '100000'),
(8, 1, 8, '175000', '100000'),
(9, 1, 9, '175000', '100000'),
(10, 1, 10, '175000', '100000'),
(11, 1, 11, '175000', '100000'),
(12, 1, 12, '175000', '100000');

-- --------------------------------------------------------

--
-- Table structure for table `tb_data_transaksi`
--

CREATE TABLE `tb_data_transaksi` (
  `id_data_transaksi` int(11) NOT NULL,
  `id_data_santri` int(11) NOT NULL,
  `id_data_tagihan` int(11) DEFAULT NULL,
  `jumlah_bayar` varchar(100) DEFAULT NULL,
  `sisa` varchar(100) DEFAULT NULL,
  `keterangan` enum('0','1') DEFAULT NULL,
  `tanggal_bayar` datetime DEFAULT NULL,
  `created_by` varchar(200) NOT NULL
) ENGINE=InnoDB DEFAULT CHARSET=utf8mb4;

--
-- Dumping data for table `tb_data_transaksi`
--

INSERT INTO `tb_data_transaksi` (`id_data_transaksi`, `id_data_santri`, `id_data_tagihan`, `jumlah_bayar`, `sisa`, `keterangan`, `tanggal_bayar`, `created_by`) VALUES
(1, 1, 1, '175000', '0', '1', '2022-09-23 01:54:08', 'zakiyuddin'),
(2, 1, 2, '175000', '0', '1', '2022-09-23 01:54:12', 'zakiyuddin'),
(3, 1, 3, '175000', '0', '1', '2022-09-26 16:31:29', 'zakiyuddin'),
(4, 1, 4, '175000', '0', '1', '2022-09-26 16:31:38', 'zakiyuddin'),
(5, 1, 5, NULL, NULL, NULL, NULL, ''),
(6, 1, 6, NULL, NULL, NULL, NULL, ''),
(7, 1, 7, NULL, NULL, NULL, NULL, ''),
(8, 1, 8, NULL, NULL, NULL, NULL, ''),
(9, 1, 9, NULL, NULL, NULL, NULL, ''),
(10, 1, 10, NULL, NULL, NULL, NULL, ''),
(11, 1, 11, NULL, NULL, NULL, NULL, ''),
(12, 1, 12, NULL, NULL, NULL, NULL, ''),
(13, 2, 1, '175000', '0', '1', '2022-09-23 01:54:35', 'zakiyuddin'),
(14, 2, 2, '175000', '0', '1', '2022-09-23 01:54:37', 'zakiyuddin'),
(15, 2, 3, '175000', '0', '1', '2022-10-31 22:44:06', 'zakiyuddin'),
(16, 2, 4, '175000', '0', '1', '2022-10-31 22:44:10', 'zakiyuddin'),
(17, 2, 5, NULL, NULL, NULL, NULL, ''),
(18, 2, 6, NULL, NULL, NULL, NULL, ''),
(19, 2, 7, NULL, NULL, NULL, NULL, ''),
(20, 2, 8, NULL, NULL, NULL, NULL, ''),
(21, 2, 9, NULL, NULL, NULL, NULL, ''),
(22, 2, 10, NULL, NULL, NULL, NULL, ''),
(23, 2, 11, NULL, NULL, NULL, NULL, ''),
(24, 2, 12, NULL, NULL, NULL, NULL, ''),
(25, 3, 1, '175000', '0', '1', '2022-10-31 22:41:37', 'zakiyuddin'),
(26, 3, 2, '175000', '0', '1', '2022-10-31 22:41:41', 'zakiyuddin'),
(27, 3, 3, '175000', '0', '1', '2022-10-31 22:41:45', 'zakiyuddin'),
(28, 3, 4, '175000', '0', '1', '2022-10-31 22:41:48', 'zakiyuddin'),
(29, 3, 5, NULL, NULL, NULL, NULL, ''),
(30, 3, 6, NULL, NULL, NULL, NULL, ''),
(31, 3, 7, NULL, NULL, NULL, NULL, ''),
(32, 3, 8, NULL, NULL, NULL, NULL, ''),
(33, 3, 9, NULL, NULL, NULL, NULL, ''),
(34, 3, 10, NULL, NULL, NULL, NULL, ''),
(35, 3, 11, NULL, NULL, NULL, NULL, ''),
(36, 3, 12, NULL, NULL, NULL, NULL, ''),
(37, 4, 1, NULL, NULL, NULL, NULL, ''),
(38, 4, 2, NULL, NULL, NULL, NULL, ''),
(39, 4, 3, NULL, NULL, NULL, NULL, ''),
(40, 4, 4, NULL, NULL, NULL, NULL, ''),
(41, 4, 5, NULL, NULL, NULL, NULL, ''),
(42, 4, 6, NULL, NULL, NULL, NULL, ''),
(43, 4, 7, NULL, NULL, NULL, NULL, ''),
(44, 4, 8, NULL, NULL, NULL, NULL, ''),
(45, 4, 9, NULL, NULL, NULL, NULL, ''),
(46, 4, 10, NULL, NULL, NULL, NULL, ''),
(47, 4, 11, NULL, NULL, NULL, NULL, ''),
(48, 4, 12, NULL, NULL, NULL, NULL, ''),
(49, 5, 1, NULL, NULL, NULL, NULL, ''),
(50, 5, 2, NULL, NULL, NULL, NULL, ''),
(51, 5, 3, NULL, NULL, NULL, NULL, ''),
(52, 5, 4, NULL, NULL, NULL, NULL, ''),
(53, 5, 5, NULL, NULL, NULL, NULL, ''),
(54, 5, 6, NULL, NULL, NULL, NULL, ''),
(55, 5, 7, NULL, NULL, NULL, NULL, ''),
(56, 5, 8, NULL, NULL, NULL, NULL, ''),
(57, 5, 9, NULL, NULL, NULL, NULL, ''),
(58, 5, 10, NULL, NULL, NULL, NULL, ''),
(59, 5, 11, NULL, NULL, NULL, NULL, ''),
(60, 5, 12, NULL, NULL, NULL, NULL, ''),
(61, 6, 1, '175000', '0', '1', '2022-09-15 17:25:20', 'admin'),
(62, 6, 2, '175000', '0', '1', '2022-09-15 17:25:52', 'admin'),
(63, 6, 3, NULL, NULL, NULL, NULL, ''),
(64, 6, 4, NULL, NULL, NULL, NULL, ''),
(65, 6, 5, NULL, NULL, NULL, NULL, ''),
(66, 6, 6, NULL, NULL, NULL, NULL, ''),
(67, 6, 7, NULL, NULL, NULL, NULL, ''),
(68, 6, 8, NULL, NULL, NULL, NULL, ''),
(69, 6, 9, NULL, NULL, NULL, NULL, ''),
(70, 6, 10, NULL, NULL, NULL, NULL, ''),
(71, 6, 11, NULL, NULL, NULL, NULL, ''),
(72, 6, 12, NULL, NULL, NULL, NULL, ''),
(73, 7, 1, '175000', '0', '1', '2022-09-23 01:59:17', 'zakiyuddin'),
(74, 7, 2, '150000', '-25000', '0', '2022-09-23 01:59:24', 'zakiyuddin'),
(75, 7, 3, NULL, NULL, NULL, NULL, ''),
(76, 7, 4, NULL, NULL, NULL, NULL, ''),
(77, 7, 5, NULL, NULL, NULL, NULL, ''),
(78, 7, 6, NULL, NULL, NULL, NULL, ''),
(79, 7, 7, NULL, NULL, NULL, NULL, ''),
(80, 7, 8, NULL, NULL, NULL, NULL, ''),
(81, 7, 9, NULL, NULL, NULL, NULL, ''),
(82, 7, 10, NULL, NULL, NULL, NULL, ''),
(83, 7, 11, NULL, NULL, NULL, NULL, ''),
(84, 7, 12, NULL, NULL, NULL, NULL, ''),
(85, 8, 1, NULL, NULL, NULL, NULL, ''),
(86, 8, 2, NULL, NULL, NULL, NULL, ''),
(87, 8, 3, NULL, NULL, NULL, NULL, ''),
(88, 8, 4, NULL, NULL, NULL, NULL, ''),
(89, 8, 5, NULL, NULL, NULL, NULL, ''),
(90, 8, 6, NULL, NULL, NULL, NULL, ''),
(91, 8, 7, NULL, NULL, NULL, NULL, ''),
(92, 8, 8, NULL, NULL, NULL, NULL, ''),
(93, 8, 9, NULL, NULL, NULL, NULL, ''),
(94, 8, 10, NULL, NULL, NULL, NULL, ''),
(95, 8, 11, NULL, NULL, NULL, NULL, ''),
(96, 8, 12, NULL, NULL, NULL, NULL, ''),
(97, 9, 1, '175000', '0', '1', '2022-09-22 18:58:15', 'admin'),
(98, 9, 2, '175000', '0', '1', '2022-09-22 18:58:18', 'admin'),
(99, 9, 3, '175000', '0', '1', '2022-09-22 18:58:29', 'admin'),
(100, 9, 4, NULL, NULL, NULL, NULL, ''),
(101, 9, 5, NULL, NULL, NULL, NULL, ''),
(102, 9, 6, NULL, NULL, NULL, NULL, ''),
(103, 9, 7, NULL, NULL, NULL, NULL, ''),
(104, 9, 8, NULL, NULL, NULL, NULL, ''),
(105, 9, 9, NULL, NULL, NULL, NULL, ''),
(106, 9, 10, NULL, NULL, NULL, NULL, ''),
(107, 9, 11, NULL, NULL, NULL, NULL, ''),
(108, 9, 12, NULL, NULL, NULL, NULL, ''),
(109, 10, 1, '175000', '0', '1', '2022-09-23 02:03:44', 'zakiyuddin'),
(110, 10, 2, '175000', '0', '1', '2022-09-23 02:03:48', 'zakiyuddin'),
(111, 10, 3, '175000', '0', '1', '2022-10-31 22:51:44', 'zakiyuddin'),
(112, 10, 4, '175000', '0', '1', '2022-10-31 22:51:49', 'zakiyuddin'),
(113, 10, 5, NULL, NULL, NULL, NULL, ''),
(114, 10, 6, NULL, NULL, NULL, NULL, ''),
(115, 10, 7, NULL, NULL, NULL, NULL, ''),
(116, 10, 8, NULL, NULL, NULL, NULL, ''),
(117, 10, 9, NULL, NULL, NULL, NULL, ''),
(118, 10, 10, NULL, NULL, NULL, NULL, ''),
(119, 10, 11, NULL, NULL, NULL, NULL, ''),
(120, 10, 12, NULL, NULL, NULL, NULL, ''),
(121, 11, 1, NULL, NULL, NULL, NULL, ''),
(122, 11, 2, NULL, NULL, NULL, NULL, ''),
(123, 11, 3, NULL, NULL, NULL, NULL, ''),
(124, 11, 4, NULL, NULL, NULL, NULL, ''),
(125, 11, 5, NULL, NULL, NULL, NULL, ''),
(126, 11, 6, NULL, NULL, NULL, NULL, ''),
(127, 11, 7, NULL, NULL, NULL, NULL, ''),
(128, 11, 8, NULL, NULL, NULL, NULL, ''),
(129, 11, 9, NULL, NULL, NULL, NULL, ''),
(130, 11, 10, NULL, NULL, NULL, NULL, ''),
(131, 11, 11, NULL, NULL, NULL, NULL, ''),
(132, 11, 12, NULL, NULL, NULL, NULL, ''),
(133, 12, 1, '175000', '0', '1', '2022-09-23 01:49:19', 'zakiyuddin'),
(134, 12, 2, '175000', '0', '1', '2022-09-23 01:49:22', 'zakiyuddin'),
(135, 12, 3, '175000', '0', '1', '2022-10-05 17:31:19', 'zakiyuddin'),
(136, 12, 4, NULL, NULL, NULL, NULL, ''),
(137, 12, 5, NULL, NULL, NULL, NULL, ''),
(138, 12, 6, NULL, NULL, NULL, NULL, ''),
(139, 12, 7, NULL, NULL, NULL, NULL, ''),
(140, 12, 8, NULL, NULL, NULL, NULL, ''),
(141, 12, 9, NULL, NULL, NULL, NULL, ''),
(142, 12, 10, NULL, NULL, NULL, NULL, ''),
(143, 12, 11, NULL, NULL, NULL, NULL, ''),
(144, 12, 12, NULL, NULL, NULL, NULL, ''),
(145, 13, 1, '175000', '0', '1', '2022-09-23 01:46:13', 'zakiyuddin'),
(146, 13, 2, '175000', '0', '1', '2022-09-23 01:46:16', 'zakiyuddin'),
(147, 13, 3, '175000', '0', '1', '2022-10-06 10:00:34', 'zakiyuddin'),
(148, 13, 4, '175000', '0', '1', '2022-10-31 22:38:31', 'zakiyuddin'),
(149, 13, 5, '175000', '0', '1', '2022-10-31 22:38:36', 'zakiyuddin'),
(150, 13, 6, NULL, NULL, NULL, NULL, ''),
(151, 13, 7, NULL, NULL, NULL, NULL, ''),
(152, 13, 8, NULL, NULL, NULL, NULL, ''),
(153, 13, 9, NULL, NULL, NULL, NULL, ''),
(154, 13, 10, NULL, NULL, NULL, NULL, ''),
(155, 13, 11, NULL, NULL, NULL, NULL, ''),
(156, 13, 12, NULL, NULL, NULL, NULL, ''),
(157, 14, 1, NULL, NULL, NULL, NULL, ''),
(158, 14, 2, NULL, NULL, NULL, NULL, ''),
(159, 14, 3, NULL, NULL, NULL, NULL, ''),
(160, 14, 4, NULL, NULL, NULL, NULL, ''),
(161, 14, 5, NULL, NULL, NULL, NULL, ''),
(162, 14, 6, NULL, NULL, NULL, NULL, ''),
(163, 14, 7, NULL, NULL, NULL, NULL, ''),
(164, 14, 8, NULL, NULL, NULL, NULL, ''),
(165, 14, 9, NULL, NULL, NULL, NULL, ''),
(166, 14, 10, NULL, NULL, NULL, NULL, ''),
(167, 14, 11, NULL, NULL, NULL, NULL, ''),
(168, 14, 12, NULL, NULL, NULL, NULL, ''),
(169, 15, 1, '175000', '0', '1', '2022-09-23 02:02:09', 'zakiyuddin'),
(170, 15, 2, '175000', '0', '1', '2022-09-23 02:02:12', 'zakiyuddin'),
(171, 15, 3, NULL, NULL, NULL, NULL, ''),
(172, 15, 4, NULL, NULL, NULL, NULL, ''),
(173, 15, 5, NULL, NULL, NULL, NULL, ''),
(174, 15, 6, NULL, NULL, NULL, NULL, ''),
(175, 15, 7, NULL, NULL, NULL, NULL, ''),
(176, 15, 8, NULL, NULL, NULL, NULL, ''),
(177, 15, 9, NULL, NULL, NULL, NULL, ''),
(178, 15, 10, NULL, NULL, NULL, NULL, ''),
(179, 15, 11, NULL, NULL, NULL, NULL, ''),
(180, 15, 12, NULL, NULL, NULL, NULL, ''),
(181, 16, 1, '175000', '0', '1', '2022-10-31 22:30:33', 'zakiyuddin'),
(182, 16, 2, '175000', '0', '1', '2022-10-31 22:30:37', 'zakiyuddin'),
(183, 16, 3, '175000', '0', '1', '2022-10-31 22:30:42', 'zakiyuddin'),
(184, 16, 4, NULL, NULL, NULL, NULL, ''),
(185, 16, 5, NULL, NULL, NULL, NULL, ''),
(186, 16, 6, NULL, NULL, NULL, NULL, ''),
(187, 16, 7, NULL, NULL, NULL, NULL, ''),
(188, 16, 8, NULL, NULL, NULL, NULL, ''),
(189, 16, 9, NULL, NULL, NULL, NULL, ''),
(190, 16, 10, NULL, NULL, NULL, NULL, ''),
(191, 16, 11, NULL, NULL, NULL, NULL, ''),
(192, 16, 12, NULL, NULL, NULL, NULL, ''),
(193, 17, 1, '175000', '0', '1', '2022-09-15 17:31:53', 'admin'),
(194, 17, 2, '175000', '0', '1', '2022-09-15 17:31:57', 'admin'),
(195, 17, 3, '175000', '0', '1', '2022-10-31 22:30:54', 'zakiyuddin'),
(196, 17, 4, NULL, NULL, NULL, NULL, ''),
(197, 17, 5, NULL, NULL, NULL, NULL, ''),
(198, 17, 6, NULL, NULL, NULL, NULL, ''),
(199, 17, 7, NULL, NULL, NULL, NULL, ''),
(200, 17, 8, NULL, NULL, NULL, NULL, ''),
(201, 17, 9, NULL, NULL, NULL, NULL, ''),
(202, 17, 10, NULL, NULL, NULL, NULL, ''),
(203, 17, 11, NULL, NULL, NULL, NULL, ''),
(204, 17, 12, NULL, NULL, NULL, NULL, ''),
(205, 18, 1, '175000', '0', '1', '2022-09-23 02:01:47', 'zakiyuddin'),
(206, 18, 2, '175000', '0', '1', '2022-09-23 02:01:51', 'zakiyuddin'),
(207, 18, 3, '175000', '0', '1', '2022-10-31 22:50:28', 'zakiyuddin'),
(208, 18, 4, NULL, NULL, NULL, NULL, ''),
(209, 18, 5, NULL, NULL, NULL, NULL, ''),
(210, 18, 6, NULL, NULL, NULL, NULL, ''),
(211, 18, 7, NULL, NULL, NULL, NULL, ''),
(212, 18, 8, NULL, NULL, NULL, NULL, ''),
(213, 18, 9, NULL, NULL, NULL, NULL, ''),
(214, 18, 10, NULL, NULL, NULL, NULL, ''),
(215, 18, 11, NULL, NULL, NULL, NULL, ''),
(216, 18, 12, NULL, NULL, NULL, NULL, ''),
(217, 19, 1, '175000', '0', '1', '2022-10-31 22:26:27', 'zakiyuddin'),
(218, 19, 2, '150000', '-25000', '0', '2022-10-31 22:26:38', 'zakiyuddin'),
(219, 19, 3, NULL, NULL, NULL, NULL, ''),
(220, 19, 4, NULL, NULL, NULL, NULL, ''),
(221, 19, 5, NULL, NULL, NULL, NULL, ''),
(222, 19, 6, NULL, NULL, NULL, NULL, ''),
(223, 19, 7, NULL, NULL, NULL, NULL, ''),
(224, 19, 8, NULL, NULL, NULL, NULL, ''),
(225, 19, 9, NULL, NULL, NULL, NULL, ''),
(226, 19, 10, NULL, NULL, NULL, NULL, ''),
(227, 19, 11, NULL, NULL, NULL, NULL, ''),
(228, 19, 12, NULL, NULL, NULL, NULL, ''),
(229, 20, 1, '175000', '0', '1', '2022-09-23 12:59:02', 'zakiyuddin'),
(230, 20, 2, NULL, NULL, NULL, NULL, ''),
(231, 20, 3, NULL, NULL, NULL, NULL, ''),
(232, 20, 4, NULL, NULL, NULL, NULL, ''),
(233, 20, 5, NULL, NULL, NULL, NULL, ''),
(234, 20, 6, NULL, NULL, NULL, NULL, ''),
(235, 20, 7, NULL, NULL, NULL, NULL, ''),
(236, 20, 8, NULL, NULL, NULL, NULL, ''),
(237, 20, 9, NULL, NULL, NULL, NULL, ''),
(238, 20, 10, NULL, NULL, NULL, NULL, ''),
(239, 20, 11, NULL, NULL, NULL, NULL, ''),
(240, 20, 12, NULL, NULL, NULL, NULL, ''),
(241, 21, 1, '175000', '0', '1', '2022-09-23 01:51:58', 'zakiyuddin'),
(242, 21, 2, '175000', '0', '1', '2022-09-23 01:52:02', 'zakiyuddin'),
(243, 21, 3, NULL, NULL, NULL, NULL, ''),
(244, 21, 4, NULL, NULL, NULL, NULL, ''),
(245, 21, 5, NULL, NULL, NULL, NULL, ''),
(246, 21, 6, NULL, NULL, NULL, NULL, ''),
(247, 21, 7, NULL, NULL, NULL, NULL, ''),
(248, 21, 8, NULL, NULL, NULL, NULL, ''),
(249, 21, 9, NULL, NULL, NULL, NULL, ''),
(250, 21, 10, NULL, NULL, NULL, NULL, ''),
(251, 21, 11, NULL, NULL, NULL, NULL, ''),
(252, 21, 12, NULL, NULL, NULL, NULL, ''),
(253, 22, 1, NULL, NULL, NULL, NULL, ''),
(254, 22, 2, NULL, NULL, NULL, NULL, ''),
(255, 22, 3, NULL, NULL, NULL, NULL, ''),
(256, 22, 4, NULL, NULL, NULL, NULL, ''),
(257, 22, 5, NULL, NULL, NULL, NULL, ''),
(258, 22, 6, NULL, NULL, NULL, NULL, ''),
(259, 22, 7, NULL, NULL, NULL, NULL, ''),
(260, 22, 8, NULL, NULL, NULL, NULL, ''),
(261, 22, 9, NULL, NULL, NULL, NULL, ''),
(262, 22, 10, NULL, NULL, NULL, NULL, ''),
(263, 22, 11, NULL, NULL, NULL, NULL, ''),
(264, 22, 12, NULL, NULL, NULL, NULL, ''),
(265, 23, 1, '175000', '0', '1', '2022-09-23 02:01:16', 'zakiyuddin'),
(266, 23, 2, '175000', '0', '1', '2022-09-23 02:01:20', 'zakiyuddin'),
(267, 23, 3, '175000', '0', '1', '2022-09-23 02:01:24', 'zakiyuddin'),
(268, 23, 4, '175000', '0', '1', '2022-10-31 22:50:15', 'zakiyuddin'),
(269, 23, 5, NULL, NULL, NULL, NULL, ''),
(270, 23, 6, NULL, NULL, NULL, NULL, ''),
(271, 23, 7, NULL, NULL, NULL, NULL, ''),
(272, 23, 8, NULL, NULL, NULL, NULL, ''),
(273, 23, 9, NULL, NULL, NULL, NULL, ''),
(274, 23, 10, NULL, NULL, NULL, NULL, ''),
(275, 23, 11, NULL, NULL, NULL, NULL, ''),
(276, 23, 12, NULL, NULL, NULL, NULL, ''),
(277, 24, 1, '175000', '0', '1', '2022-09-15 17:27:01', 'admin'),
(278, 24, 2, '175000', '0', '1', '2022-09-27 22:45:38', 'zakiyuddin'),
(279, 24, 3, '175000', '0', '1', '2022-10-31 22:22:58', 'zakiyuddin'),
(280, 24, 4, NULL, NULL, NULL, NULL, ''),
(281, 24, 5, NULL, NULL, NULL, NULL, ''),
(282, 24, 6, NULL, NULL, NULL, NULL, ''),
(283, 24, 7, NULL, NULL, NULL, NULL, ''),
(284, 24, 8, NULL, NULL, NULL, NULL, ''),
(285, 24, 9, NULL, NULL, NULL, NULL, ''),
(286, 24, 10, NULL, NULL, NULL, NULL, ''),
(287, 24, 11, NULL, NULL, NULL, NULL, ''),
(288, 24, 12, NULL, NULL, NULL, NULL, ''),
(289, 25, 1, '175000', '0', '1', '2022-10-07 18:56:32', 'zakiyuddin'),
(290, 25, 2, '50000', '-125000', '0', '2022-10-09 17:10:31', 'zakiyuddin'),
(291, 25, 3, NULL, NULL, NULL, NULL, ''),
(292, 25, 4, NULL, NULL, NULL, NULL, ''),
(293, 25, 5, NULL, NULL, NULL, NULL, ''),
(294, 25, 6, NULL, NULL, NULL, NULL, ''),
(295, 25, 7, NULL, NULL, NULL, NULL, ''),
(296, 25, 8, NULL, NULL, NULL, NULL, ''),
(297, 25, 9, NULL, NULL, NULL, NULL, ''),
(298, 25, 10, NULL, NULL, NULL, NULL, ''),
(299, 25, 11, NULL, NULL, NULL, NULL, ''),
(300, 25, 12, NULL, NULL, NULL, NULL, ''),
(301, 26, 1, NULL, NULL, NULL, NULL, ''),
(302, 26, 2, NULL, NULL, NULL, NULL, ''),
(303, 26, 3, NULL, NULL, NULL, NULL, ''),
(304, 26, 4, NULL, NULL, NULL, NULL, ''),
(305, 26, 5, NULL, NULL, NULL, NULL, ''),
(306, 26, 6, NULL, NULL, NULL, NULL, ''),
(307, 26, 7, NULL, NULL, NULL, NULL, ''),
(308, 26, 8, NULL, NULL, NULL, NULL, ''),
(309, 26, 9, NULL, NULL, NULL, NULL, ''),
(310, 26, 10, NULL, NULL, NULL, NULL, ''),
(311, 26, 11, NULL, NULL, NULL, NULL, ''),
(312, 26, 12, NULL, NULL, NULL, NULL, ''),
(313, 27, 1, NULL, NULL, NULL, NULL, ''),
(314, 27, 2, NULL, NULL, NULL, NULL, ''),
(315, 27, 3, NULL, NULL, NULL, NULL, ''),
(316, 27, 4, NULL, NULL, NULL, NULL, ''),
(317, 27, 5, NULL, NULL, NULL, NULL, ''),
(318, 27, 6, NULL, NULL, NULL, NULL, ''),
(319, 27, 7, NULL, NULL, NULL, NULL, ''),
(320, 27, 8, NULL, NULL, NULL, NULL, ''),
(321, 27, 9, NULL, NULL, NULL, NULL, ''),
(322, 27, 10, NULL, NULL, NULL, NULL, ''),
(323, 27, 11, NULL, NULL, NULL, NULL, ''),
(324, 27, 12, NULL, NULL, NULL, NULL, ''),
(325, 28, 1, NULL, NULL, NULL, NULL, ''),
(326, 28, 2, NULL, NULL, NULL, NULL, ''),
(327, 28, 3, NULL, NULL, NULL, NULL, ''),
(328, 28, 4, NULL, NULL, NULL, NULL, ''),
(329, 28, 5, NULL, NULL, NULL, NULL, ''),
(330, 28, 6, NULL, NULL, NULL, NULL, ''),
(331, 28, 7, NULL, NULL, NULL, NULL, ''),
(332, 28, 8, NULL, NULL, NULL, NULL, ''),
(333, 28, 9, NULL, NULL, NULL, NULL, ''),
(334, 28, 10, NULL, NULL, NULL, NULL, ''),
(335, 28, 11, NULL, NULL, NULL, NULL, ''),
(336, 28, 12, NULL, NULL, NULL, NULL, ''),
(337, 29, 1, NULL, NULL, NULL, NULL, ''),
(338, 29, 2, NULL, NULL, NULL, NULL, ''),
(339, 29, 3, NULL, NULL, NULL, NULL, ''),
(340, 29, 4, NULL, NULL, NULL, NULL, ''),
(341, 29, 5, NULL, NULL, NULL, NULL, ''),
(342, 29, 6, NULL, NULL, NULL, NULL, ''),
(343, 29, 7, NULL, NULL, NULL, NULL, ''),
(344, 29, 8, NULL, NULL, NULL, NULL, ''),
(345, 29, 9, NULL, NULL, NULL, NULL, ''),
(346, 29, 10, NULL, NULL, NULL, NULL, ''),
(347, 29, 11, NULL, NULL, NULL, NULL, ''),
(348, 29, 12, NULL, NULL, NULL, NULL, ''),
(349, 30, 1, '0', '-175000', '0', '2022-10-31 22:43:40', 'zakiyuddin'),
(350, 30, 2, '0', '-175000', '0', '2022-10-31 22:43:31', 'zakiyuddin'),
(351, 30, 3, NULL, NULL, NULL, NULL, ''),
(352, 30, 4, NULL, NULL, NULL, NULL, ''),
(353, 30, 5, NULL, NULL, NULL, NULL, ''),
(354, 30, 6, NULL, NULL, NULL, NULL, ''),
(355, 30, 7, NULL, NULL, NULL, NULL, ''),
(356, 30, 8, NULL, NULL, NULL, NULL, ''),
(357, 30, 9, NULL, NULL, NULL, NULL, ''),
(358, 30, 10, NULL, NULL, NULL, NULL, ''),
(359, 30, 11, NULL, NULL, NULL, NULL, ''),
(360, 30, 12, NULL, NULL, NULL, NULL, ''),
(361, 31, 1, NULL, NULL, NULL, NULL, ''),
(362, 31, 2, NULL, NULL, NULL, NULL, ''),
(363, 31, 3, NULL, NULL, NULL, NULL, ''),
(364, 31, 4, NULL, NULL, NULL, NULL, ''),
(365, 31, 5, NULL, NULL, NULL, NULL, ''),
(366, 31, 6, NULL, NULL, NULL, NULL, ''),
(367, 31, 7, NULL, NULL, NULL, NULL, ''),
(368, 31, 8, NULL, NULL, NULL, NULL, ''),
(369, 31, 9, NULL, NULL, NULL, NULL, ''),
(370, 31, 10, NULL, NULL, NULL, NULL, ''),
(371, 31, 11, NULL, NULL, NULL, NULL, ''),
(372, 31, 12, NULL, NULL, NULL, NULL, ''),
(373, 32, 1, NULL, NULL, NULL, NULL, ''),
(374, 32, 2, NULL, NULL, NULL, NULL, ''),
(375, 32, 3, NULL, NULL, NULL, NULL, ''),
(376, 32, 4, NULL, NULL, NULL, NULL, ''),
(377, 32, 5, NULL, NULL, NULL, NULL, ''),
(378, 32, 6, NULL, NULL, NULL, NULL, ''),
(379, 32, 7, NULL, NULL, NULL, NULL, ''),
(380, 32, 8, NULL, NULL, NULL, NULL, ''),
(381, 32, 9, NULL, NULL, NULL, NULL, ''),
(382, 32, 10, NULL, NULL, NULL, NULL, ''),
(383, 32, 11, NULL, NULL, NULL, NULL, ''),
(384, 32, 12, NULL, NULL, NULL, NULL, ''),
(385, 33, 1, NULL, NULL, NULL, NULL, ''),
(386, 33, 2, NULL, NULL, NULL, NULL, ''),
(387, 33, 3, NULL, NULL, NULL, NULL, ''),
(388, 33, 4, NULL, NULL, NULL, NULL, ''),
(389, 33, 5, NULL, NULL, NULL, NULL, ''),
(390, 33, 6, NULL, NULL, NULL, NULL, ''),
(391, 33, 7, NULL, NULL, NULL, NULL, ''),
(392, 33, 8, NULL, NULL, NULL, NULL, ''),
(393, 33, 9, NULL, NULL, NULL, NULL, ''),
(394, 33, 10, NULL, NULL, NULL, NULL, ''),
(395, 33, 11, NULL, NULL, NULL, NULL, ''),
(396, 33, 12, NULL, NULL, NULL, NULL, ''),
(397, 34, 1, '175000', '0', '1', '2022-09-27 07:45:15', 'zakiyuddin'),
(398, 34, 2, '175000', '0', '1', '2022-09-27 07:45:19', 'zakiyuddin'),
(399, 34, 3, '175000', '0', '1', '2022-10-06 10:37:20', 'zakiyuddin'),
(400, 34, 4, NULL, NULL, NULL, NULL, ''),
(401, 34, 5, NULL, NULL, NULL, NULL, ''),
(402, 34, 6, NULL, NULL, NULL, NULL, ''),
(403, 34, 7, NULL, NULL, NULL, NULL, ''),
(404, 34, 8, NULL, NULL, NULL, NULL, ''),
(405, 34, 9, NULL, NULL, NULL, NULL, ''),
(406, 34, 10, NULL, NULL, NULL, NULL, ''),
(407, 34, 11, NULL, NULL, NULL, NULL, ''),
(408, 34, 12, NULL, NULL, NULL, NULL, ''),
(409, 35, 1, NULL, NULL, NULL, NULL, ''),
(410, 35, 2, NULL, NULL, NULL, NULL, ''),
(411, 35, 3, NULL, NULL, NULL, NULL, ''),
(412, 35, 4, NULL, NULL, NULL, NULL, ''),
(413, 35, 5, NULL, NULL, NULL, NULL, ''),
(414, 35, 6, NULL, NULL, NULL, NULL, ''),
(415, 35, 7, NULL, NULL, NULL, NULL, ''),
(416, 35, 8, NULL, NULL, NULL, NULL, ''),
(417, 35, 9, NULL, NULL, NULL, NULL, ''),
(418, 35, 10, NULL, NULL, NULL, NULL, ''),
(419, 35, 11, NULL, NULL, NULL, NULL, ''),
(420, 35, 12, NULL, NULL, NULL, NULL, ''),
(421, 36, 1, '175000', '0', '1', '2022-09-15 17:28:03', 'admin'),
(422, 36, 2, '175000', '0', '1', '2022-09-15 17:28:09', 'admin'),
(423, 36, 3, '175000', '0', '1', '2022-10-31 22:24:25', 'zakiyuddin'),
(424, 36, 4, '175000', '0', '1', '2022-10-31 22:24:31', 'zakiyuddin'),
(425, 36, 5, '175000', '0', '1', '2022-10-31 22:24:37', 'zakiyuddin'),
(426, 36, 6, '175000', '0', '1', '2022-10-31 22:24:43', 'zakiyuddin'),
(427, 36, 7, '175000', '0', '1', '2022-10-31 22:24:50', 'zakiyuddin'),
(428, 36, 8, NULL, NULL, NULL, NULL, ''),
(429, 36, 9, NULL, NULL, NULL, NULL, ''),
(430, 36, 10, NULL, NULL, NULL, NULL, ''),
(431, 36, 11, NULL, NULL, NULL, NULL, ''),
(432, 36, 12, NULL, NULL, NULL, NULL, ''),
(433, 37, 1, '175000', '0', '1', '2022-09-23 01:53:08', 'zakiyuddin'),
(434, 37, 2, '175000', '0', '1', '2022-09-23 01:53:10', 'zakiyuddin'),
(435, 37, 3, '175000', '0', '1', '2022-09-27 07:43:19', 'zakiyuddin'),
(436, 37, 4, '175000', '0', '1', '2022-10-31 22:42:43', 'zakiyuddin'),
(437, 37, 5, NULL, NULL, NULL, NULL, ''),
(438, 37, 6, NULL, NULL, NULL, NULL, ''),
(439, 37, 7, NULL, NULL, NULL, NULL, ''),
(440, 37, 8, NULL, NULL, NULL, NULL, ''),
(441, 37, 9, NULL, NULL, NULL, NULL, ''),
(442, 37, 10, NULL, NULL, NULL, NULL, ''),
(443, 37, 11, NULL, NULL, NULL, NULL, ''),
(444, 37, 12, NULL, NULL, NULL, NULL, ''),
(445, 38, 1, '175000', '0', '1', '2022-09-15 17:36:10', 'admin'),
(446, 38, 2, '175000', '0', '1', '2022-09-15 17:36:13', 'admin'),
(447, 38, 3, '175000', '0', '1', '2022-10-31 22:36:05', 'zakiyuddin'),
(448, 38, 4, '175000', '0', '1', '2022-10-31 22:36:10', 'zakiyuddin'),
(449, 38, 5, NULL, NULL, NULL, NULL, ''),
(450, 38, 6, NULL, NULL, NULL, NULL, ''),
(451, 38, 7, NULL, NULL, NULL, NULL, ''),
(452, 38, 8, NULL, NULL, NULL, NULL, ''),
(453, 38, 9, NULL, NULL, NULL, NULL, ''),
(454, 38, 10, NULL, NULL, NULL, NULL, ''),
(455, 38, 11, NULL, NULL, NULL, NULL, ''),
(456, 38, 12, NULL, NULL, NULL, NULL, ''),
(457, 39, 1, '175000', '0', '1', '2022-09-15 17:33:33', 'admin'),
(458, 39, 2, '175000', '0', '1', '2022-09-15 17:33:36', 'admin'),
(459, 39, 3, '175000', '0', '1', '2022-10-31 22:32:13', 'zakiyuddin'),
(460, 39, 4, NULL, NULL, NULL, NULL, ''),
(461, 39, 5, NULL, NULL, NULL, NULL, ''),
(462, 39, 6, NULL, NULL, NULL, NULL, ''),
(463, 39, 7, NULL, NULL, NULL, NULL, ''),
(464, 39, 8, NULL, NULL, NULL, NULL, ''),
(465, 39, 9, NULL, NULL, NULL, NULL, ''),
(466, 39, 10, NULL, NULL, NULL, NULL, ''),
(467, 39, 11, NULL, NULL, NULL, NULL, ''),
(468, 39, 12, NULL, NULL, NULL, NULL, ''),
(469, 40, 1, NULL, NULL, NULL, NULL, ''),
(470, 40, 2, NULL, NULL, NULL, NULL, ''),
(471, 40, 3, NULL, NULL, NULL, NULL, ''),
(472, 40, 4, NULL, NULL, NULL, NULL, ''),
(473, 40, 5, NULL, NULL, NULL, NULL, ''),
(474, 40, 6, NULL, NULL, NULL, NULL, ''),
(475, 40, 7, NULL, NULL, NULL, NULL, ''),
(476, 40, 8, NULL, NULL, NULL, NULL, ''),
(477, 40, 9, NULL, NULL, NULL, NULL, ''),
(478, 40, 10, NULL, NULL, NULL, NULL, ''),
(479, 40, 11, NULL, NULL, NULL, NULL, ''),
(480, 40, 12, NULL, NULL, NULL, NULL, ''),
(481, 41, 1, NULL, NULL, NULL, NULL, ''),
(482, 41, 2, NULL, NULL, NULL, NULL, ''),
(483, 41, 3, NULL, NULL, NULL, NULL, ''),
(484, 41, 4, NULL, NULL, NULL, NULL, ''),
(485, 41, 5, NULL, NULL, NULL, NULL, ''),
(486, 41, 6, NULL, NULL, NULL, NULL, ''),
(487, 41, 7, NULL, NULL, NULL, NULL, ''),
(488, 41, 8, NULL, NULL, NULL, NULL, ''),
(489, 41, 9, NULL, NULL, NULL, NULL, ''),
(490, 41, 10, NULL, NULL, NULL, NULL, ''),
(491, 41, 11, NULL, NULL, NULL, NULL, ''),
(492, 41, 12, NULL, NULL, NULL, NULL, ''),
(493, 42, 1, '175000', '0', '1', '2022-09-23 01:51:13', 'zakiyuddin'),
(494, 42, 2, '175000', '0', '1', '2022-09-23 01:51:30', 'zakiyuddin'),
(495, 42, 3, '175000', '0', '1', '2022-10-06 11:13:15', 'zakiyuddin'),
(496, 42, 4, NULL, NULL, NULL, NULL, ''),
(497, 42, 5, NULL, NULL, NULL, NULL, ''),
(498, 42, 6, NULL, NULL, NULL, NULL, ''),
(499, 42, 7, NULL, NULL, NULL, NULL, ''),
(500, 42, 8, NULL, NULL, NULL, NULL, ''),
(501, 42, 9, NULL, NULL, NULL, NULL, ''),
(502, 42, 10, NULL, NULL, NULL, NULL, ''),
(503, 42, 11, NULL, NULL, NULL, NULL, ''),
(504, 42, 12, NULL, NULL, NULL, NULL, ''),
(505, 43, 1, '175000', '0', '1', '2022-09-27 23:30:24', 'zakiyuddin'),
(506, 43, 2, '175000', '0', '1', '2022-10-06 21:25:48', 'zakiyuddin'),
(507, 43, 3, NULL, NULL, NULL, NULL, ''),
(508, 43, 4, NULL, NULL, NULL, NULL, ''),
(509, 43, 5, NULL, NULL, NULL, NULL, ''),
(510, 43, 6, NULL, NULL, NULL, NULL, ''),
(511, 43, 7, NULL, NULL, NULL, NULL, ''),
(512, 43, 8, NULL, NULL, NULL, NULL, ''),
(513, 43, 9, NULL, NULL, NULL, NULL, ''),
(514, 43, 10, NULL, NULL, NULL, NULL, ''),
(515, 43, 11, NULL, NULL, NULL, NULL, ''),
(516, 43, 12, NULL, NULL, NULL, NULL, ''),
(517, 44, 1, '175000', '0', '1', '2022-09-23 12:55:04', 'zakiyuddin'),
(518, 44, 2, '175000', '0', '1', '2022-10-06 11:11:48', 'zakiyuddin'),
(519, 44, 3, '175000', '0', '1', '2022-10-06 11:11:54', 'zakiyuddin'),
(520, 44, 4, NULL, NULL, NULL, NULL, ''),
(521, 44, 5, NULL, NULL, NULL, NULL, ''),
(522, 44, 6, NULL, NULL, NULL, NULL, ''),
(523, 44, 7, NULL, NULL, NULL, NULL, ''),
(524, 44, 8, NULL, NULL, NULL, NULL, ''),
(525, 44, 9, NULL, NULL, NULL, NULL, ''),
(526, 44, 10, NULL, NULL, NULL, NULL, ''),
(527, 44, 11, NULL, NULL, NULL, NULL, ''),
(528, 44, 12, NULL, NULL, NULL, NULL, ''),
(529, 45, 1, '175000', '0', '1', '2022-09-22 19:01:04', 'admin'),
(530, 45, 2, '175000', '0', '1', '2022-09-22 19:01:07', 'admin'),
(531, 45, 3, '175000', '0', '1', '2022-09-22 19:01:13', 'admin'),
(532, 45, 4, '175000', '0', '1', '2022-10-31 22:31:07', 'zakiyuddin'),
(533, 45, 5, NULL, NULL, NULL, NULL, ''),
(534, 45, 6, NULL, NULL, NULL, NULL, ''),
(535, 45, 7, NULL, NULL, NULL, NULL, ''),
(536, 45, 8, NULL, NULL, NULL, NULL, ''),
(537, 45, 9, NULL, NULL, NULL, NULL, ''),
(538, 45, 10, NULL, NULL, NULL, NULL, ''),
(539, 45, 11, NULL, NULL, NULL, NULL, ''),
(540, 45, 12, NULL, NULL, NULL, NULL, ''),
(541, 46, 1, NULL, NULL, NULL, NULL, ''),
(542, 46, 2, NULL, NULL, NULL, NULL, ''),
(543, 46, 3, NULL, NULL, NULL, NULL, ''),
(544, 46, 4, NULL, NULL, NULL, NULL, ''),
(545, 46, 5, NULL, NULL, NULL, NULL, ''),
(546, 46, 6, NULL, NULL, NULL, NULL, ''),
(547, 46, 7, NULL, NULL, NULL, NULL, ''),
(548, 46, 8, NULL, NULL, NULL, NULL, ''),
(549, 46, 9, NULL, NULL, NULL, NULL, ''),
(550, 46, 10, NULL, NULL, NULL, NULL, ''),
(551, 46, 11, NULL, NULL, NULL, NULL, ''),
(552, 46, 12, NULL, NULL, NULL, NULL, ''),
(553, 47, 1, NULL, NULL, NULL, NULL, ''),
(554, 47, 2, NULL, NULL, NULL, NULL, ''),
(555, 47, 3, NULL, NULL, NULL, NULL, ''),
(556, 47, 4, NULL, NULL, NULL, NULL, ''),
(557, 47, 5, NULL, NULL, NULL, NULL, ''),
(558, 47, 6, NULL, NULL, NULL, NULL, ''),
(559, 47, 7, NULL, NULL, NULL, NULL, ''),
(560, 47, 8, NULL, NULL, NULL, NULL, ''),
(561, 47, 9, NULL, NULL, NULL, NULL, ''),
(562, 47, 10, NULL, NULL, NULL, NULL, ''),
(563, 47, 11, NULL, NULL, NULL, NULL, ''),
(564, 47, 12, NULL, NULL, NULL, NULL, ''),
(565, 48, 1, NULL, NULL, NULL, NULL, ''),
(566, 48, 2, NULL, NULL, NULL, NULL, ''),
(567, 48, 3, NULL, NULL, NULL, NULL, ''),
(568, 48, 4, NULL, NULL, NULL, NULL, ''),
(569, 48, 5, NULL, NULL, NULL, NULL, ''),
(570, 48, 6, NULL, NULL, NULL, NULL, ''),
(571, 48, 7, NULL, NULL, NULL, NULL, ''),
(572, 48, 8, NULL, NULL, NULL, NULL, ''),
(573, 48, 9, NULL, NULL, NULL, NULL, ''),
(574, 48, 10, NULL, NULL, NULL, NULL, ''),
(575, 48, 11, NULL, NULL, NULL, NULL, ''),
(576, 48, 12, NULL, NULL, NULL, NULL, ''),
(577, 49, 1, '175000', '0', '1', '2022-09-15 17:30:43', 'admin'),
(578, 49, 2, '175000', '0', '1', '2022-09-15 17:30:46', 'admin'),
(579, 49, 3, '175000', '0', '1', '2022-10-06 21:26:24', 'zakiyuddin'),
(580, 49, 4, '175000', '0', '1', '2022-10-31 22:30:21', 'zakiyuddin'),
(581, 49, 5, NULL, NULL, NULL, NULL, ''),
(582, 49, 6, NULL, NULL, NULL, NULL, ''),
(583, 49, 7, NULL, NULL, NULL, NULL, ''),
(584, 49, 8, NULL, NULL, NULL, NULL, ''),
(585, 49, 9, NULL, NULL, NULL, NULL, ''),
(586, 49, 10, NULL, NULL, NULL, NULL, ''),
(587, 49, 11, NULL, NULL, NULL, NULL, ''),
(588, 49, 12, NULL, NULL, NULL, NULL, ''),
(589, 50, 1, '175000', '0', '1', '2022-09-23 01:44:05', 'zakiyuddin'),
(590, 50, 2, '175000', '0', '1', '2022-09-23 01:44:10', 'zakiyuddin'),
(591, 50, 3, '175000', '0', '1', '2022-09-29 10:58:22', 'zakiyuddin'),
(592, 50, 4, '175000', '0', '1', '2022-10-31 22:36:25', 'zakiyuddin'),
(593, 50, 5, '175000', '0', '1', '2022-10-31 22:36:30', 'zakiyuddin'),
(594, 50, 6, NULL, NULL, NULL, NULL, ''),
(595, 50, 7, NULL, NULL, NULL, NULL, ''),
(596, 50, 8, NULL, NULL, NULL, NULL, ''),
(597, 50, 9, NULL, NULL, NULL, NULL, ''),
(598, 50, 10, NULL, NULL, NULL, NULL, ''),
(599, 50, 11, NULL, NULL, NULL, NULL, ''),
(600, 50, 12, NULL, NULL, NULL, NULL, ''),
(601, 51, 1, '175000', '0', '1', '2022-09-27 07:45:46', 'zakiyuddin'),
(602, 51, 2, '175000', '0', '1', '2022-09-27 07:45:50', 'zakiyuddin'),
(603, 51, 3, '175000', '0', '1', '2022-10-31 22:48:17', 'zakiyuddin'),
(604, 51, 4, NULL, NULL, NULL, NULL, ''),
(605, 51, 5, NULL, NULL, NULL, NULL, ''),
(606, 51, 6, NULL, NULL, NULL, NULL, ''),
(607, 51, 7, NULL, NULL, NULL, NULL, ''),
(608, 51, 8, NULL, NULL, NULL, NULL, ''),
(609, 51, 9, NULL, NULL, NULL, NULL, ''),
(610, 51, 10, NULL, NULL, NULL, NULL, ''),
(611, 51, 11, NULL, NULL, NULL, NULL, ''),
(612, 51, 12, NULL, NULL, NULL, NULL, ''),
(613, 52, 1, '175000', '0', '1', '2022-09-15 17:36:41', 'admin'),
(614, 52, 2, '175000', '0', '1', '2022-09-15 17:36:46', 'admin'),
(615, 52, 3, '175000', '0', '1', '2022-10-06 08:15:20', 'zakiyuddin'),
(616, 52, 4, '175000', '0', '1', '2022-10-31 22:36:43', 'zakiyuddin'),
(617, 52, 5, NULL, NULL, NULL, NULL, ''),
(618, 52, 6, NULL, NULL, NULL, NULL, ''),
(619, 52, 7, NULL, NULL, NULL, NULL, ''),
(620, 52, 8, NULL, NULL, NULL, NULL, ''),
(621, 52, 9, NULL, NULL, NULL, NULL, ''),
(622, 52, 10, NULL, NULL, NULL, NULL, ''),
(623, 52, 11, NULL, NULL, NULL, NULL, ''),
(624, 52, 12, NULL, NULL, NULL, NULL, ''),
(625, 53, 1, '175000', '0', '1', '2022-09-23 01:57:34', 'zakiyuddin'),
(626, 53, 2, '175000', '0', '1', '2022-09-23 01:57:38', 'zakiyuddin'),
(627, 53, 3, '175000', '0', '1', '2022-10-06 17:37:08', 'zakiyuddin'),
(628, 53, 4, NULL, NULL, NULL, NULL, ''),
(629, 53, 5, NULL, NULL, NULL, NULL, ''),
(630, 53, 6, NULL, NULL, NULL, NULL, ''),
(631, 53, 7, NULL, NULL, NULL, NULL, ''),
(632, 53, 8, NULL, NULL, NULL, NULL, ''),
(633, 53, 9, NULL, NULL, NULL, NULL, ''),
(634, 53, 10, NULL, NULL, NULL, NULL, ''),
(635, 53, 11, NULL, NULL, NULL, NULL, ''),
(636, 53, 12, NULL, NULL, NULL, NULL, ''),
(637, 54, 1, '175000', '0', '1', '2022-10-31 22:51:01', 'zakiyuddin'),
(638, 54, 2, '175000', '0', '1', '2022-10-31 22:51:05', 'zakiyuddin'),
(639, 54, 3, '25000', '-150000', '0', '2022-10-31 22:51:15', 'zakiyuddin'),
(640, 54, 4, NULL, NULL, NULL, NULL, ''),
(641, 54, 5, NULL, NULL, NULL, NULL, ''),
(642, 54, 6, NULL, NULL, NULL, NULL, ''),
(643, 54, 7, NULL, NULL, NULL, NULL, ''),
(644, 54, 8, NULL, NULL, NULL, NULL, ''),
(645, 54, 9, NULL, NULL, NULL, NULL, ''),
(646, 54, 10, NULL, NULL, NULL, NULL, ''),
(647, 54, 11, NULL, NULL, NULL, NULL, ''),
(648, 54, 12, NULL, NULL, NULL, NULL, ''),
(649, 55, 1, '175000', '0', '1', '2022-09-23 13:01:29', 'zakiyuddin'),
(650, 55, 2, NULL, NULL, NULL, NULL, ''),
(651, 55, 3, NULL, NULL, NULL, NULL, ''),
(652, 55, 4, NULL, NULL, NULL, NULL, ''),
(653, 55, 5, NULL, NULL, NULL, NULL, ''),
(654, 55, 6, NULL, NULL, NULL, NULL, ''),
(655, 55, 7, NULL, NULL, NULL, NULL, ''),
(656, 55, 8, NULL, NULL, NULL, NULL, ''),
(657, 55, 9, NULL, NULL, NULL, NULL, ''),
(658, 55, 10, NULL, NULL, NULL, NULL, ''),
(659, 55, 11, NULL, NULL, NULL, NULL, ''),
(660, 55, 12, NULL, NULL, NULL, NULL, ''),
(661, 56, 1, '150000', '0', '1', '2022-08-28 09:28:27', 'zakiyuddin'),
(662, 56, 2, '175000', '0', '1', '2022-09-23 02:03:16', 'zakiyuddin'),
(663, 56, 3, '0', '-175000', '0', '2022-10-12 13:03:19', 'zakiyuddin'),
(664, 56, 4, NULL, NULL, NULL, NULL, ''),
(665, 56, 5, NULL, NULL, NULL, NULL, ''),
(666, 56, 6, NULL, NULL, NULL, NULL, ''),
(667, 56, 7, NULL, NULL, NULL, NULL, ''),
(668, 56, 8, NULL, NULL, NULL, NULL, ''),
(669, 56, 9, NULL, NULL, NULL, NULL, ''),
(670, 56, 10, NULL, NULL, NULL, NULL, ''),
(671, 56, 11, NULL, NULL, NULL, NULL, ''),
(672, 56, 12, NULL, NULL, NULL, NULL, ''),
(673, 57, 1, NULL, NULL, NULL, NULL, ''),
(674, 57, 2, NULL, NULL, NULL, NULL, ''),
(675, 57, 3, NULL, NULL, NULL, NULL, ''),
(676, 57, 4, NULL, NULL, NULL, NULL, ''),
(677, 57, 5, NULL, NULL, NULL, NULL, ''),
(678, 57, 6, NULL, NULL, NULL, NULL, ''),
(679, 57, 7, NULL, NULL, NULL, NULL, ''),
(680, 57, 8, NULL, NULL, NULL, NULL, ''),
(681, 57, 9, NULL, NULL, NULL, NULL, ''),
(682, 57, 10, NULL, NULL, NULL, NULL, ''),
(683, 57, 11, NULL, NULL, NULL, NULL, ''),
(684, 57, 12, NULL, NULL, NULL, NULL, ''),
(685, 58, 1, NULL, NULL, NULL, NULL, ''),
(686, 58, 2, NULL, NULL, NULL, NULL, ''),
(687, 58, 3, NULL, NULL, NULL, NULL, ''),
(688, 58, 4, NULL, NULL, NULL, NULL, ''),
(689, 58, 5, NULL, NULL, NULL, NULL, ''),
(690, 58, 6, NULL, NULL, NULL, NULL, ''),
(691, 58, 7, NULL, NULL, NULL, NULL, ''),
(692, 58, 8, NULL, NULL, NULL, NULL, ''),
(693, 58, 9, NULL, NULL, NULL, NULL, ''),
(694, 58, 10, NULL, NULL, NULL, NULL, ''),
(695, 58, 11, NULL, NULL, NULL, NULL, ''),
(696, 58, 12, NULL, NULL, NULL, NULL, ''),
(697, 59, 1, '175000', '0', '1', '2022-09-15 17:34:11', 'admin'),
(698, 59, 2, '175000', '0', '1', '2022-09-15 17:34:15', 'admin'),
(699, 59, 3, '175000', '0', '1', '2022-10-31 22:32:38', 'zakiyuddin'),
(700, 59, 4, NULL, NULL, NULL, NULL, ''),
(701, 59, 5, NULL, NULL, NULL, NULL, ''),
(702, 59, 6, NULL, NULL, NULL, NULL, ''),
(703, 59, 7, NULL, NULL, NULL, NULL, ''),
(704, 59, 8, NULL, NULL, NULL, NULL, ''),
(705, 59, 9, NULL, NULL, NULL, NULL, ''),
(706, 59, 10, NULL, NULL, NULL, NULL, ''),
(707, 59, 11, NULL, NULL, NULL, NULL, ''),
(708, 59, 12, NULL, NULL, NULL, NULL, ''),
(709, 60, 1, '175000', '0', '1', '2022-09-22 19:02:17', 'admin'),
(710, 60, 2, '175000', '0', '1', '2022-09-22 19:02:21', 'admin'),
(711, 60, 3, '175000', '0', '1', '2022-09-22 19:02:24', 'admin'),
(712, 60, 4, NULL, NULL, NULL, NULL, ''),
(713, 60, 5, NULL, NULL, NULL, NULL, ''),
(714, 60, 6, NULL, NULL, NULL, NULL, ''),
(715, 60, 7, NULL, NULL, NULL, NULL, ''),
(716, 60, 8, NULL, NULL, NULL, NULL, ''),
(717, 60, 9, NULL, NULL, NULL, NULL, ''),
(718, 60, 10, NULL, NULL, NULL, NULL, ''),
(719, 60, 11, NULL, NULL, NULL, NULL, ''),
(720, 60, 12, NULL, NULL, NULL, NULL, ''),
(721, 61, 1, '175000', '0', '1', '2022-09-19 11:45:37', 'admin'),
(722, 61, 2, '175000', '0', '1', '2022-09-23 01:57:12', 'zakiyuddin'),
(723, 61, 3, '175000', '0', '1', '2022-10-31 22:47:01', 'zakiyuddin'),
(724, 61, 4, NULL, NULL, NULL, NULL, ''),
(725, 61, 5, NULL, NULL, NULL, NULL, ''),
(726, 61, 6, NULL, NULL, NULL, NULL, ''),
(727, 61, 7, NULL, NULL, NULL, NULL, ''),
(728, 61, 8, NULL, NULL, NULL, NULL, ''),
(729, 61, 9, NULL, NULL, NULL, NULL, ''),
(730, 61, 10, NULL, NULL, NULL, NULL, ''),
(731, 61, 11, NULL, NULL, NULL, NULL, ''),
(732, 61, 12, NULL, NULL, NULL, NULL, ''),
(733, 62, 1, NULL, NULL, NULL, NULL, ''),
(734, 62, 2, NULL, NULL, NULL, NULL, ''),
(735, 62, 3, NULL, NULL, NULL, NULL, ''),
(736, 62, 4, NULL, NULL, NULL, NULL, ''),
(737, 62, 5, NULL, NULL, NULL, NULL, ''),
(738, 62, 6, NULL, NULL, NULL, NULL, ''),
(739, 62, 7, NULL, NULL, NULL, NULL, ''),
(740, 62, 8, NULL, NULL, NULL, NULL, ''),
(741, 62, 9, NULL, NULL, NULL, NULL, ''),
(742, 62, 10, NULL, NULL, NULL, NULL, ''),
(743, 62, 11, NULL, NULL, NULL, NULL, ''),
(744, 62, 12, NULL, NULL, NULL, NULL, ''),
(745, 63, 1, NULL, NULL, NULL, NULL, ''),
(746, 63, 2, NULL, NULL, NULL, NULL, ''),
(747, 63, 3, NULL, NULL, NULL, NULL, ''),
(748, 63, 4, NULL, NULL, NULL, NULL, ''),
(749, 63, 5, NULL, NULL, NULL, NULL, ''),
(750, 63, 6, NULL, NULL, NULL, NULL, ''),
(751, 63, 7, NULL, NULL, NULL, NULL, ''),
(752, 63, 8, NULL, NULL, NULL, NULL, ''),
(753, 63, 9, NULL, NULL, NULL, NULL, ''),
(754, 63, 10, NULL, NULL, NULL, NULL, ''),
(755, 63, 11, NULL, NULL, NULL, NULL, ''),
(756, 63, 12, NULL, NULL, NULL, NULL, ''),
(757, 64, 1, '175000', '0', '1', '2022-10-06 08:01:11', 'zakiyuddin'),
(758, 64, 2, '175000', '0', '1', '2022-10-31 22:43:12', 'zakiyuddin'),
(759, 64, 3, NULL, NULL, NULL, NULL, ''),
(760, 64, 4, NULL, NULL, NULL, NULL, ''),
(761, 64, 5, NULL, NULL, NULL, NULL, ''),
(762, 64, 6, NULL, NULL, NULL, NULL, ''),
(763, 64, 7, NULL, NULL, NULL, NULL, ''),
(764, 64, 8, NULL, NULL, NULL, NULL, ''),
(765, 64, 9, NULL, NULL, NULL, NULL, ''),
(766, 64, 10, NULL, NULL, NULL, NULL, ''),
(767, 64, 11, NULL, NULL, NULL, NULL, ''),
(768, 64, 12, NULL, NULL, NULL, NULL, ''),
(769, 65, 1, NULL, NULL, NULL, NULL, ''),
(770, 65, 2, NULL, NULL, NULL, NULL, ''),
(771, 65, 3, NULL, NULL, NULL, NULL, ''),
(772, 65, 4, NULL, NULL, NULL, NULL, ''),
(773, 65, 5, NULL, NULL, NULL, NULL, ''),
(774, 65, 6, NULL, NULL, NULL, NULL, ''),
(775, 65, 7, NULL, NULL, NULL, NULL, ''),
(776, 65, 8, NULL, NULL, NULL, NULL, ''),
(777, 65, 9, NULL, NULL, NULL, NULL, ''),
(778, 65, 10, NULL, NULL, NULL, NULL, ''),
(779, 65, 11, NULL, NULL, NULL, NULL, ''),
(780, 65, 12, NULL, NULL, NULL, NULL, ''),
(781, 66, 1, NULL, NULL, NULL, NULL, ''),
(782, 66, 2, NULL, NULL, NULL, NULL, ''),
(783, 66, 3, NULL, NULL, NULL, NULL, ''),
(784, 66, 4, NULL, NULL, NULL, NULL, ''),
(785, 66, 5, NULL, NULL, NULL, NULL, ''),
(786, 66, 6, NULL, NULL, NULL, NULL, ''),
(787, 66, 7, NULL, NULL, NULL, NULL, ''),
(788, 66, 8, NULL, NULL, NULL, NULL, ''),
(789, 66, 9, NULL, NULL, NULL, NULL, ''),
(790, 66, 10, NULL, NULL, NULL, NULL, ''),
(791, 66, 11, NULL, NULL, NULL, NULL, ''),
(792, 66, 12, NULL, NULL, NULL, NULL, ''),
(793, 67, 1, '175000', '0', '1', '2022-09-23 12:58:27', 'zakiyuddin'),
(794, 67, 2, '175000', '0', '1', '2022-10-06 09:13:02', 'zakiyuddin'),
(795, 67, 3, '175000', '0', '1', '2022-10-06 09:13:11', 'zakiyuddin'),
(796, 67, 4, '175000', '0', '1', '2022-10-31 22:32:02', 'zakiyuddin'),
(797, 67, 5, NULL, NULL, NULL, NULL, ''),
(798, 67, 6, NULL, NULL, NULL, NULL, ''),
(799, 67, 7, NULL, NULL, NULL, NULL, ''),
(800, 67, 8, NULL, NULL, NULL, NULL, ''),
(801, 67, 9, NULL, NULL, NULL, NULL, ''),
(802, 67, 10, NULL, NULL, NULL, NULL, ''),
(803, 67, 11, NULL, NULL, NULL, NULL, ''),
(804, 67, 12, NULL, NULL, NULL, NULL, ''),
(805, 68, 1, '175000', '0', '1', '2022-09-23 01:47:47', 'zakiyuddin'),
(806, 68, 2, '175000', '0', '1', '2022-10-31 22:38:48', 'zakiyuddin'),
(807, 68, 3, '175000', '0', '1', '2022-10-31 22:38:52', 'zakiyuddin'),
(808, 68, 4, '100000', '-75000', '0', '2022-10-31 22:38:59', 'zakiyuddin'),
(809, 68, 5, NULL, NULL, NULL, NULL, ''),
(810, 68, 6, NULL, NULL, NULL, NULL, ''),
(811, 68, 7, NULL, NULL, NULL, NULL, ''),
(812, 68, 8, NULL, NULL, NULL, NULL, ''),
(813, 68, 9, NULL, NULL, NULL, NULL, ''),
(814, 68, 10, NULL, NULL, NULL, NULL, ''),
(815, 68, 11, NULL, NULL, NULL, NULL, ''),
(816, 68, 12, NULL, NULL, NULL, NULL, ''),
(817, 69, 1, NULL, NULL, NULL, NULL, ''),
(818, 69, 2, NULL, NULL, NULL, NULL, ''),
(819, 69, 3, NULL, NULL, NULL, NULL, ''),
(820, 69, 4, NULL, NULL, NULL, NULL, ''),
(821, 69, 5, NULL, NULL, NULL, NULL, ''),
(822, 69, 6, NULL, NULL, NULL, NULL, ''),
(823, 69, 7, NULL, NULL, NULL, NULL, ''),
(824, 69, 8, NULL, NULL, NULL, NULL, ''),
(825, 69, 9, NULL, NULL, NULL, NULL, ''),
(826, 69, 10, NULL, NULL, NULL, NULL, ''),
(827, 69, 11, NULL, NULL, NULL, NULL, ''),
(828, 69, 12, NULL, NULL, NULL, NULL, ''),
(829, 70, 1, '175000', '0', '1', '2022-09-23 01:48:19', 'zakiyuddin'),
(830, 70, 2, '175000', '0', '1', '2022-09-23 01:48:22', 'zakiyuddin'),
(831, 70, 3, '175000', '0', '1', '2022-10-31 22:39:22', 'zakiyuddin'),
(832, 70, 4, '175000', '0', '1', '2022-10-31 22:39:26', 'zakiyuddin'),
(833, 70, 5, NULL, NULL, NULL, NULL, ''),
(834, 70, 6, NULL, NULL, NULL, NULL, ''),
(835, 70, 7, NULL, NULL, NULL, NULL, ''),
(836, 70, 8, NULL, NULL, NULL, NULL, ''),
(837, 70, 9, NULL, NULL, NULL, NULL, ''),
(838, 70, 10, NULL, NULL, NULL, NULL, ''),
(839, 70, 11, NULL, NULL, NULL, NULL, ''),
(840, 70, 12, NULL, NULL, NULL, NULL, ''),
(841, 71, 1, NULL, NULL, NULL, NULL, ''),
(842, 71, 2, NULL, NULL, NULL, NULL, ''),
(843, 71, 3, NULL, NULL, NULL, NULL, ''),
(844, 71, 4, NULL, NULL, NULL, NULL, ''),
(845, 71, 5, NULL, NULL, NULL, NULL, ''),
(846, 71, 6, NULL, NULL, NULL, NULL, ''),
(847, 71, 7, NULL, NULL, NULL, NULL, ''),
(848, 71, 8, NULL, NULL, NULL, NULL, ''),
(849, 71, 9, NULL, NULL, NULL, NULL, ''),
(850, 71, 10, NULL, NULL, NULL, NULL, ''),
(851, 71, 11, NULL, NULL, NULL, NULL, ''),
(852, 71, 12, NULL, NULL, NULL, NULL, ''),
(853, 72, 1, NULL, NULL, NULL, NULL, ''),
(854, 72, 2, NULL, NULL, NULL, NULL, ''),
(855, 72, 3, NULL, NULL, NULL, NULL, ''),
(856, 72, 4, NULL, NULL, NULL, NULL, ''),
(857, 72, 5, NULL, NULL, NULL, NULL, ''),
(858, 72, 6, NULL, NULL, NULL, NULL, ''),
(859, 72, 7, NULL, NULL, NULL, NULL, ''),
(860, 72, 8, NULL, NULL, NULL, NULL, ''),
(861, 72, 9, NULL, NULL, NULL, NULL, ''),
(862, 72, 10, NULL, NULL, NULL, NULL, ''),
(863, 72, 11, NULL, NULL, NULL, NULL, ''),
(864, 72, 12, NULL, NULL, NULL, NULL, ''),
(865, 73, 1, '175000', '0', '1', '2022-09-15 17:28:58', 'admin'),
(866, 73, 2, '175000', '0', '1', '2022-09-15 17:29:03', 'admin'),
(867, 73, 3, '175000', '0', '1', '2022-11-02 21:49:32', 'zakiyuddin'),
(868, 73, 4, '175000', '0', '1', '2022-11-02 21:49:38', 'zakiyuddin'),
(869, 73, 5, NULL, NULL, NULL, NULL, ''),
(870, 73, 6, NULL, NULL, NULL, NULL, ''),
(871, 73, 7, NULL, NULL, NULL, NULL, ''),
(872, 73, 8, NULL, NULL, NULL, NULL, ''),
(873, 73, 9, NULL, NULL, NULL, NULL, ''),
(874, 73, 10, NULL, NULL, NULL, NULL, ''),
(875, 73, 11, NULL, NULL, NULL, NULL, ''),
(876, 73, 12, NULL, NULL, NULL, NULL, ''),
(877, 74, 1, NULL, NULL, NULL, NULL, ''),
(878, 74, 2, NULL, NULL, NULL, NULL, ''),
(879, 74, 3, NULL, NULL, NULL, NULL, ''),
(880, 74, 4, NULL, NULL, NULL, NULL, ''),
(881, 74, 5, NULL, NULL, NULL, NULL, ''),
(882, 74, 6, NULL, NULL, NULL, NULL, ''),
(883, 74, 7, NULL, NULL, NULL, NULL, ''),
(884, 74, 8, NULL, NULL, NULL, NULL, ''),
(885, 74, 9, NULL, NULL, NULL, NULL, ''),
(886, 74, 10, NULL, NULL, NULL, NULL, ''),
(887, 74, 11, NULL, NULL, NULL, NULL, ''),
(888, 74, 12, NULL, NULL, NULL, NULL, ''),
(889, 75, 1, '175000', '0', '1', '2022-09-23 01:39:08', 'zakiyuddin'),
(890, 75, 2, '175000', '0', '1', '2022-09-23 01:39:15', 'zakiyuddin'),
(891, 75, 3, '175000', '0', '1', '2022-10-06 07:59:44', 'zakiyuddin'),
(892, 75, 4, NULL, NULL, NULL, NULL, ''),
(893, 75, 5, NULL, NULL, NULL, NULL, ''),
(894, 75, 6, NULL, NULL, NULL, NULL, ''),
(895, 75, 7, NULL, NULL, NULL, NULL, ''),
(896, 75, 8, NULL, NULL, NULL, NULL, ''),
(897, 75, 9, NULL, NULL, NULL, NULL, ''),
(898, 75, 10, NULL, NULL, NULL, NULL, ''),
(899, 75, 11, NULL, NULL, NULL, NULL, ''),
(900, 75, 12, NULL, NULL, NULL, NULL, ''),
(901, 76, 1, NULL, NULL, NULL, NULL, ''),
(902, 76, 2, NULL, NULL, NULL, NULL, ''),
(903, 76, 3, NULL, NULL, NULL, NULL, ''),
(904, 76, 4, NULL, NULL, NULL, NULL, ''),
(905, 76, 5, NULL, NULL, NULL, NULL, ''),
(906, 76, 6, NULL, NULL, NULL, NULL, ''),
(907, 76, 7, NULL, NULL, NULL, NULL, ''),
(908, 76, 8, NULL, NULL, NULL, NULL, ''),
(909, 76, 9, NULL, NULL, NULL, NULL, ''),
(910, 76, 10, NULL, NULL, NULL, NULL, ''),
(911, 76, 11, NULL, NULL, NULL, NULL, ''),
(912, 76, 12, NULL, NULL, NULL, NULL, ''),
(913, 77, 1, NULL, NULL, NULL, NULL, ''),
(914, 77, 2, NULL, NULL, NULL, NULL, ''),
(915, 77, 3, NULL, NULL, NULL, NULL, ''),
(916, 77, 4, NULL, NULL, NULL, NULL, ''),
(917, 77, 5, NULL, NULL, NULL, NULL, ''),
(918, 77, 6, NULL, NULL, NULL, NULL, ''),
(919, 77, 7, NULL, NULL, NULL, NULL, ''),
(920, 77, 8, NULL, NULL, NULL, NULL, ''),
(921, 77, 9, NULL, NULL, NULL, NULL, ''),
(922, 77, 10, NULL, NULL, NULL, NULL, ''),
(923, 77, 11, NULL, NULL, NULL, NULL, ''),
(924, 77, 12, NULL, NULL, NULL, NULL, ''),
(925, 78, 1, '175000', '0', '1', '2022-09-23 13:02:09', 'zakiyuddin'),
(926, 78, 2, NULL, NULL, NULL, NULL, ''),
(927, 78, 3, NULL, NULL, NULL, NULL, ''),
(928, 78, 4, NULL, NULL, NULL, NULL, ''),
(929, 78, 5, NULL, NULL, NULL, NULL, ''),
(930, 78, 6, NULL, NULL, NULL, NULL, ''),
(931, 78, 7, NULL, NULL, NULL, NULL, ''),
(932, 78, 8, NULL, NULL, NULL, NULL, ''),
(933, 78, 9, NULL, NULL, NULL, NULL, ''),
(934, 78, 10, NULL, NULL, NULL, NULL, ''),
(935, 78, 11, NULL, NULL, NULL, NULL, ''),
(936, 78, 12, NULL, NULL, NULL, NULL, ''),
(937, 79, 1, NULL, NULL, NULL, NULL, ''),
(938, 79, 2, NULL, NULL, NULL, NULL, ''),
(939, 79, 3, NULL, NULL, NULL, NULL, ''),
(940, 79, 4, NULL, NULL, NULL, NULL, ''),
(941, 79, 5, NULL, NULL, NULL, NULL, ''),
(942, 79, 6, NULL, NULL, NULL, NULL, ''),
(943, 79, 7, NULL, NULL, NULL, NULL, ''),
(944, 79, 8, NULL, NULL, NULL, NULL, ''),
(945, 79, 9, NULL, NULL, NULL, NULL, ''),
(946, 79, 10, NULL, NULL, NULL, NULL, ''),
(947, 79, 11, NULL, NULL, NULL, NULL, ''),
(948, 79, 12, NULL, NULL, NULL, NULL, ''),
(949, 80, 1, '175000', '0', '1', '2022-09-23 01:56:24', 'zakiyuddin'),
(950, 80, 2, '175000', '0', '1', '2022-10-07 14:37:06', 'zakiyuddin'),
(951, 80, 3, '175000', '0', '1', '2022-10-07 14:37:12', 'zakiyuddin'),
(952, 80, 4, NULL, NULL, NULL, NULL, ''),
(953, 80, 5, NULL, NULL, NULL, NULL, ''),
(954, 80, 6, NULL, NULL, NULL, NULL, ''),
(955, 80, 7, NULL, NULL, NULL, NULL, ''),
(956, 80, 8, NULL, NULL, NULL, NULL, ''),
(957, 80, 9, NULL, NULL, NULL, NULL, ''),
(958, 80, 10, NULL, NULL, NULL, NULL, ''),
(959, 80, 11, NULL, NULL, NULL, NULL, ''),
(960, 80, 12, NULL, NULL, NULL, NULL, ''),
(961, 81, 1, '175000', '0', '1', '2022-10-31 22:54:37', 'zakiyuddin'),
(962, 81, 2, '175000', '0', '1', '2022-10-31 22:54:40', 'zakiyuddin'),
(963, 81, 3, '175000', '0', '1', '2022-10-31 22:54:44', 'zakiyuddin'),
(964, 81, 4, '175000', '0', '1', '2022-10-31 22:54:49', 'zakiyuddin'),
(965, 81, 5, NULL, NULL, NULL, NULL, ''),
(966, 81, 6, NULL, NULL, NULL, NULL, ''),
(967, 81, 7, NULL, NULL, NULL, NULL, ''),
(968, 81, 8, NULL, NULL, NULL, NULL, ''),
(969, 81, 9, NULL, NULL, NULL, NULL, ''),
(970, 81, 10, NULL, NULL, NULL, NULL, ''),
(971, 81, 11, NULL, NULL, NULL, NULL, ''),
(972, 81, 12, NULL, NULL, NULL, NULL, ''),
(973, 82, 1, '175000', '0', '1', '2022-09-23 12:55:36', 'zakiyuddin'),
(974, 82, 2, '175000', '0', '1', '2022-10-31 22:27:52', 'zakiyuddin'),
(975, 82, 3, NULL, NULL, NULL, NULL, ''),
(976, 82, 4, NULL, NULL, NULL, NULL, ''),
(977, 82, 5, NULL, NULL, NULL, NULL, ''),
(978, 82, 6, NULL, NULL, NULL, NULL, ''),
(979, 82, 7, NULL, NULL, NULL, NULL, ''),
(980, 82, 8, NULL, NULL, NULL, NULL, ''),
(981, 82, 9, NULL, NULL, NULL, NULL, ''),
(982, 82, 10, NULL, NULL, NULL, NULL, ''),
(983, 82, 11, NULL, NULL, NULL, NULL, ''),
(984, 82, 12, NULL, NULL, NULL, NULL, ''),
(985, 83, 1, '175000', '0', '1', '2022-09-23 12:53:16', 'zakiyuddin'),
(986, 83, 2, '175000', '0', '1', '2022-09-24 06:55:34', 'zakiyuddin'),
(987, 83, 3, NULL, NULL, NULL, NULL, ''),
(988, 83, 4, NULL, NULL, NULL, NULL, ''),
(989, 83, 5, NULL, NULL, NULL, NULL, ''),
(990, 83, 6, NULL, NULL, NULL, NULL, ''),
(991, 83, 7, NULL, NULL, NULL, NULL, ''),
(992, 83, 8, NULL, NULL, NULL, NULL, ''),
(993, 83, 9, NULL, NULL, NULL, NULL, ''),
(994, 83, 10, NULL, NULL, NULL, NULL, ''),
(995, 83, 11, NULL, NULL, NULL, NULL, ''),
(996, 83, 12, NULL, NULL, NULL, NULL, ''),
(997, 84, 1, NULL, NULL, NULL, NULL, ''),
(998, 84, 2, NULL, NULL, NULL, NULL, ''),
(999, 84, 3, NULL, NULL, NULL, NULL, ''),
(1000, 84, 4, NULL, NULL, NULL, NULL, ''),
(1001, 84, 5, NULL, NULL, NULL, NULL, ''),
(1002, 84, 6, NULL, NULL, NULL, NULL, ''),
(1003, 84, 7, NULL, NULL, NULL, NULL, ''),
(1004, 84, 8, NULL, NULL, NULL, NULL, ''),
(1005, 84, 9, NULL, NULL, NULL, NULL, ''),
(1006, 84, 10, NULL, NULL, NULL, NULL, ''),
(1007, 84, 11, NULL, NULL, NULL, NULL, ''),
(1008, 84, 12, NULL, NULL, NULL, NULL, ''),
(1009, 85, 1, '175000', '0', '1', '2022-09-23 01:31:02', 'zakiyuddin'),
(1010, 85, 2, '175000', '0', '1', '2022-10-31 22:33:23', 'zakiyuddin'),
(1011, 85, 3, '125000', '-50000', '0', '2022-10-31 22:33:31', 'zakiyuddin'),
(1012, 85, 4, NULL, NULL, NULL, NULL, ''),
(1013, 85, 5, NULL, NULL, NULL, NULL, ''),
(1014, 85, 6, NULL, NULL, NULL, NULL, ''),
(1015, 85, 7, NULL, NULL, NULL, NULL, ''),
(1016, 85, 8, NULL, NULL, NULL, NULL, ''),
(1017, 85, 9, NULL, NULL, NULL, NULL, ''),
(1018, 85, 10, NULL, NULL, NULL, NULL, ''),
(1019, 85, 11, NULL, NULL, NULL, NULL, ''),
(1020, 85, 12, NULL, NULL, NULL, NULL, ''),
(1021, 86, 1, '175000', '0', '1', '2022-09-27 07:44:09', 'zakiyuddin'),
(1022, 86, 2, NULL, NULL, NULL, NULL, ''),
(1023, 86, 3, NULL, NULL, NULL, NULL, ''),
(1024, 86, 4, NULL, NULL, NULL, NULL, ''),
(1025, 86, 5, NULL, NULL, NULL, NULL, ''),
(1026, 86, 6, NULL, NULL, NULL, NULL, ''),
(1027, 86, 7, NULL, NULL, NULL, NULL, ''),
(1028, 86, 8, NULL, NULL, NULL, NULL, ''),
(1029, 86, 9, NULL, NULL, NULL, NULL, ''),
(1030, 86, 10, NULL, NULL, NULL, NULL, ''),
(1031, 86, 11, NULL, NULL, NULL, NULL, ''),
(1032, 86, 12, NULL, NULL, NULL, NULL, ''),
(1033, 87, 1, '175000', '0', '1', '2022-09-23 01:38:12', 'zakiyuddin'),
(1034, 87, 2, '175000', '0', '1', '2022-09-23 01:38:22', 'zakiyuddin'),
(1035, 87, 3, '175000', '0', '1', '2022-10-31 22:33:46', 'zakiyuddin'),
(1036, 87, 4, '175000', '0', '1', '2022-10-31 22:33:51', 'zakiyuddin'),
(1037, 87, 5, NULL, NULL, NULL, NULL, ''),
(1038, 87, 6, NULL, NULL, NULL, NULL, ''),
(1039, 87, 7, NULL, NULL, NULL, NULL, ''),
(1040, 87, 8, NULL, NULL, NULL, NULL, ''),
(1041, 87, 9, NULL, NULL, NULL, NULL, ''),
(1042, 87, 10, NULL, NULL, NULL, NULL, ''),
(1043, 87, 11, NULL, NULL, NULL, NULL, ''),
(1044, 87, 12, NULL, NULL, NULL, NULL, ''),
(1045, 88, 1, NULL, NULL, NULL, NULL, ''),
(1046, 88, 2, NULL, NULL, NULL, NULL, ''),
(1047, 88, 3, NULL, NULL, NULL, NULL, ''),
(1048, 88, 4, NULL, NULL, NULL, NULL, ''),
(1049, 88, 5, NULL, NULL, NULL, NULL, ''),
(1050, 88, 6, NULL, NULL, NULL, NULL, ''),
(1051, 88, 7, NULL, NULL, NULL, NULL, ''),
(1052, 88, 8, NULL, NULL, NULL, NULL, ''),
(1053, 88, 9, NULL, NULL, NULL, NULL, ''),
(1054, 88, 10, NULL, NULL, NULL, NULL, ''),
(1055, 88, 11, NULL, NULL, NULL, NULL, ''),
(1056, 88, 12, NULL, NULL, NULL, NULL, ''),
(1057, 89, 1, NULL, NULL, NULL, NULL, ''),
(1058, 89, 2, NULL, NULL, NULL, NULL, ''),
(1059, 89, 3, NULL, NULL, NULL, NULL, ''),
(1060, 89, 4, NULL, NULL, NULL, NULL, ''),
(1061, 89, 5, NULL, NULL, NULL, NULL, ''),
(1062, 89, 6, NULL, NULL, NULL, NULL, ''),
(1063, 89, 7, NULL, NULL, NULL, NULL, ''),
(1064, 89, 8, NULL, NULL, NULL, NULL, ''),
(1065, 89, 9, NULL, NULL, NULL, NULL, ''),
(1066, 89, 10, NULL, NULL, NULL, NULL, ''),
(1067, 89, 11, NULL, NULL, NULL, NULL, ''),
(1068, 89, 12, NULL, NULL, NULL, NULL, ''),
(1069, 90, 1, '175000', '0', '1', '2022-10-31 22:40:57', 'zakiyuddin'),
(1070, 90, 2, '175000', '0', '1', '2022-10-31 22:41:01', 'zakiyuddin'),
(1071, 90, 3, NULL, NULL, NULL, NULL, ''),
(1072, 90, 4, NULL, NULL, NULL, NULL, ''),
(1073, 90, 5, NULL, NULL, NULL, NULL, ''),
(1074, 90, 6, NULL, NULL, NULL, NULL, ''),
(1075, 90, 7, NULL, NULL, NULL, NULL, ''),
(1076, 90, 8, NULL, NULL, NULL, NULL, ''),
(1077, 90, 9, NULL, NULL, NULL, NULL, ''),
(1078, 90, 10, NULL, NULL, NULL, NULL, ''),
(1079, 90, 11, NULL, NULL, NULL, NULL, ''),
(1080, 90, 12, NULL, NULL, NULL, NULL, ''),
(1081, 91, 1, '175000', '0', '1', '2022-09-23 01:44:53', 'zakiyuddin'),
(1082, 91, 2, '175000', '0', '1', '2022-09-23 01:44:56', 'zakiyuddin'),
(1083, 91, 3, '175000', '0', '1', '2022-09-23 01:45:02', 'zakiyuddin'),
(1084, 91, 4, '175000', '0', '1', '2022-10-31 22:37:41', 'zakiyuddin'),
(1085, 91, 5, '175000', '0', '1', '2022-10-31 22:37:46', 'zakiyuddin'),
(1086, 91, 6, '175000', '0', '1', '2022-10-31 22:37:50', 'zakiyuddin'),
(1087, 91, 7, NULL, NULL, NULL, NULL, ''),
(1088, 91, 8, NULL, NULL, NULL, NULL, ''),
(1089, 91, 9, NULL, NULL, NULL, NULL, ''),
(1090, 91, 10, NULL, NULL, NULL, NULL, ''),
(1091, 91, 11, NULL, NULL, NULL, NULL, ''),
(1092, 91, 12, NULL, NULL, NULL, NULL, ''),
(1093, 92, 1, '175000', '0', '1', '2022-09-23 13:03:19', 'zakiyuddin'),
(1094, 92, 2, NULL, NULL, NULL, NULL, ''),
(1095, 92, 3, NULL, NULL, NULL, NULL, ''),
(1096, 92, 4, NULL, NULL, NULL, NULL, ''),
(1097, 92, 5, NULL, NULL, NULL, NULL, ''),
(1098, 92, 6, NULL, NULL, NULL, NULL, ''),
(1099, 92, 7, NULL, NULL, NULL, NULL, ''),
(1100, 92, 8, NULL, NULL, NULL, NULL, ''),
(1101, 92, 9, NULL, NULL, NULL, NULL, ''),
(1102, 92, 10, NULL, NULL, NULL, NULL, ''),
(1103, 92, 11, NULL, NULL, NULL, NULL, ''),
(1104, 92, 12, NULL, NULL, NULL, NULL, ''),
(1105, 93, 1, NULL, NULL, NULL, NULL, ''),
(1106, 93, 2, NULL, NULL, NULL, NULL, ''),
(1107, 93, 3, NULL, NULL, NULL, NULL, ''),
(1108, 93, 4, NULL, NULL, NULL, NULL, ''),
(1109, 93, 5, NULL, NULL, NULL, NULL, ''),
(1110, 93, 6, NULL, NULL, NULL, NULL, ''),
(1111, 93, 7, NULL, NULL, NULL, NULL, ''),
(1112, 93, 8, NULL, NULL, NULL, NULL, ''),
(1113, 93, 9, NULL, NULL, NULL, NULL, ''),
(1114, 93, 10, NULL, NULL, NULL, NULL, ''),
(1115, 93, 11, NULL, NULL, NULL, NULL, ''),
(1116, 93, 12, NULL, NULL, NULL, NULL, '');
INSERT INTO `tb_data_transaksi` (`id_data_transaksi`, `id_data_santri`, `id_data_tagihan`, `jumlah_bayar`, `sisa`, `keterangan`, `tanggal_bayar`, `created_by`) VALUES
(1117, 94, 1, NULL, NULL, NULL, NULL, ''),
(1118, 94, 2, NULL, NULL, NULL, NULL, ''),
(1119, 94, 3, NULL, NULL, NULL, NULL, ''),
(1120, 94, 4, NULL, NULL, NULL, NULL, ''),
(1121, 94, 5, NULL, NULL, NULL, NULL, ''),
(1122, 94, 6, NULL, NULL, NULL, NULL, ''),
(1123, 94, 7, NULL, NULL, NULL, NULL, ''),
(1124, 94, 8, NULL, NULL, NULL, NULL, ''),
(1125, 94, 9, NULL, NULL, NULL, NULL, ''),
(1126, 94, 10, NULL, NULL, NULL, NULL, ''),
(1127, 94, 11, NULL, NULL, NULL, NULL, ''),
(1128, 94, 12, NULL, NULL, NULL, NULL, ''),
(1129, 95, 1, NULL, NULL, NULL, NULL, ''),
(1130, 95, 2, NULL, NULL, NULL, NULL, ''),
(1131, 95, 3, NULL, NULL, NULL, NULL, ''),
(1132, 95, 4, NULL, NULL, NULL, NULL, ''),
(1133, 95, 5, NULL, NULL, NULL, NULL, ''),
(1134, 95, 6, NULL, NULL, NULL, NULL, ''),
(1135, 95, 7, NULL, NULL, NULL, NULL, ''),
(1136, 95, 8, NULL, NULL, NULL, NULL, ''),
(1137, 95, 9, NULL, NULL, NULL, NULL, ''),
(1138, 95, 10, NULL, NULL, NULL, NULL, ''),
(1139, 95, 11, NULL, NULL, NULL, NULL, ''),
(1140, 95, 12, NULL, NULL, NULL, NULL, ''),
(1141, 96, 1, NULL, NULL, NULL, NULL, ''),
(1142, 96, 2, NULL, NULL, NULL, NULL, ''),
(1143, 96, 3, NULL, NULL, NULL, NULL, ''),
(1144, 96, 4, NULL, NULL, NULL, NULL, ''),
(1145, 96, 5, NULL, NULL, NULL, NULL, ''),
(1146, 96, 6, NULL, NULL, NULL, NULL, ''),
(1147, 96, 7, NULL, NULL, NULL, NULL, ''),
(1148, 96, 8, NULL, NULL, NULL, NULL, ''),
(1149, 96, 9, NULL, NULL, NULL, NULL, ''),
(1150, 96, 10, NULL, NULL, NULL, NULL, ''),
(1151, 96, 11, NULL, NULL, NULL, NULL, ''),
(1152, 96, 12, NULL, NULL, NULL, NULL, ''),
(1153, 97, 1, '175000', '0', '1', '2022-09-23 01:55:14', 'zakiyuddin'),
(1154, 97, 2, '175000', '0', '1', '2022-09-23 01:55:27', 'zakiyuddin'),
(1155, 97, 3, '175000', '0', '1', '2022-09-23 01:55:30', 'zakiyuddin'),
(1156, 97, 4, '175000', '0', '1', '2022-09-23 01:55:34', 'zakiyuddin'),
(1157, 97, 5, '175000', '0', '1', '2022-09-23 01:55:37', 'zakiyuddin'),
(1158, 97, 6, NULL, NULL, NULL, NULL, ''),
(1159, 97, 7, NULL, NULL, NULL, NULL, ''),
(1160, 97, 8, NULL, NULL, NULL, NULL, ''),
(1161, 97, 9, NULL, NULL, NULL, NULL, ''),
(1162, 97, 10, NULL, NULL, NULL, NULL, ''),
(1163, 97, 11, NULL, NULL, NULL, NULL, ''),
(1164, 97, 12, NULL, NULL, NULL, NULL, ''),
(1165, 98, 1, NULL, NULL, NULL, NULL, ''),
(1166, 98, 2, NULL, NULL, NULL, NULL, ''),
(1167, 98, 3, NULL, NULL, NULL, NULL, ''),
(1168, 98, 4, NULL, NULL, NULL, NULL, ''),
(1169, 98, 5, NULL, NULL, NULL, NULL, ''),
(1170, 98, 6, NULL, NULL, NULL, NULL, ''),
(1171, 98, 7, NULL, NULL, NULL, NULL, ''),
(1172, 98, 8, NULL, NULL, NULL, NULL, ''),
(1173, 98, 9, NULL, NULL, NULL, NULL, ''),
(1174, 98, 10, NULL, NULL, NULL, NULL, ''),
(1175, 98, 11, NULL, NULL, NULL, NULL, ''),
(1176, 98, 12, NULL, NULL, NULL, NULL, ''),
(1177, 99, 1, '175000', '0', '1', '2022-09-23 12:57:57', 'zakiyuddin'),
(1178, 99, 2, '175000', '0', '1', '2022-10-12 12:38:32', 'zakiyuddin'),
(1179, 99, 3, '175000', '0', '1', '2022-10-12 12:38:37', 'zakiyuddin'),
(1180, 99, 4, NULL, NULL, NULL, NULL, ''),
(1181, 99, 5, NULL, NULL, NULL, NULL, ''),
(1182, 99, 6, NULL, NULL, NULL, NULL, ''),
(1183, 99, 7, NULL, NULL, NULL, NULL, ''),
(1184, 99, 8, NULL, NULL, NULL, NULL, ''),
(1185, 99, 9, NULL, NULL, NULL, NULL, ''),
(1186, 99, 10, NULL, NULL, NULL, NULL, ''),
(1187, 99, 11, NULL, NULL, NULL, NULL, ''),
(1188, 99, 12, NULL, NULL, NULL, NULL, ''),
(1189, 100, 1, '175000', '0', '1', '2022-09-22 18:59:24', 'admin'),
(1190, 100, 2, '175000', '0', '1', '2022-09-22 18:59:31', 'admin'),
(1191, 100, 3, '175000', '0', '1', '2022-10-24 16:41:40', 'zakiyuddin'),
(1192, 100, 4, NULL, NULL, NULL, NULL, ''),
(1193, 100, 5, NULL, NULL, NULL, NULL, ''),
(1194, 100, 6, NULL, NULL, NULL, NULL, ''),
(1195, 100, 7, NULL, NULL, NULL, NULL, ''),
(1196, 100, 8, NULL, NULL, NULL, NULL, ''),
(1197, 100, 9, NULL, NULL, NULL, NULL, ''),
(1198, 100, 10, NULL, NULL, NULL, NULL, ''),
(1199, 100, 11, NULL, NULL, NULL, NULL, ''),
(1200, 100, 12, NULL, NULL, NULL, NULL, ''),
(1201, 101, 1, '175000', '0', '1', '2022-09-23 12:56:13', 'zakiyuddin'),
(1202, 101, 2, NULL, NULL, NULL, NULL, ''),
(1203, 101, 3, NULL, NULL, NULL, NULL, ''),
(1204, 101, 4, NULL, NULL, NULL, NULL, ''),
(1205, 101, 5, NULL, NULL, NULL, NULL, ''),
(1206, 101, 6, NULL, NULL, NULL, NULL, ''),
(1207, 101, 7, NULL, NULL, NULL, NULL, ''),
(1208, 101, 8, NULL, NULL, NULL, NULL, ''),
(1209, 101, 9, NULL, NULL, NULL, NULL, ''),
(1210, 101, 10, NULL, NULL, NULL, NULL, ''),
(1211, 101, 11, NULL, NULL, NULL, NULL, ''),
(1212, 101, 12, NULL, NULL, NULL, NULL, ''),
(1213, 102, 1, NULL, NULL, NULL, NULL, ''),
(1214, 102, 2, NULL, NULL, NULL, NULL, ''),
(1215, 102, 3, NULL, NULL, NULL, NULL, ''),
(1216, 102, 4, NULL, NULL, NULL, NULL, ''),
(1217, 102, 5, NULL, NULL, NULL, NULL, ''),
(1218, 102, 6, NULL, NULL, NULL, NULL, ''),
(1219, 102, 7, NULL, NULL, NULL, NULL, ''),
(1220, 102, 8, NULL, NULL, NULL, NULL, ''),
(1221, 102, 9, NULL, NULL, NULL, NULL, ''),
(1222, 102, 10, NULL, NULL, NULL, NULL, ''),
(1223, 102, 11, NULL, NULL, NULL, NULL, ''),
(1224, 102, 12, NULL, NULL, NULL, NULL, ''),
(1225, 103, 1, '175000', '0', '1', '2022-09-23 06:51:27', 'zakiyuddin'),
(1226, 103, 2, '175000', '0', '1', '2022-09-23 21:34:22', 'zakiyuddin'),
(1227, 103, 3, '175000', '0', '1', '2022-10-31 22:49:20', 'zakiyuddin'),
(1228, 103, 4, NULL, NULL, NULL, NULL, ''),
(1229, 103, 5, NULL, NULL, NULL, NULL, ''),
(1230, 103, 6, NULL, NULL, NULL, NULL, ''),
(1231, 103, 7, NULL, NULL, NULL, NULL, ''),
(1232, 103, 8, NULL, NULL, NULL, NULL, ''),
(1233, 103, 9, NULL, NULL, NULL, NULL, ''),
(1234, 103, 10, NULL, NULL, NULL, NULL, ''),
(1235, 103, 11, NULL, NULL, NULL, NULL, ''),
(1236, 103, 12, NULL, NULL, NULL, NULL, ''),
(1237, 104, 1, '175000', '0', '1', '2022-09-23 01:52:27', 'zakiyuddin'),
(1238, 104, 2, '175000', '0', '1', '2022-09-23 01:52:30', 'zakiyuddin'),
(1239, 104, 3, NULL, NULL, NULL, NULL, ''),
(1240, 104, 4, NULL, NULL, NULL, NULL, ''),
(1241, 104, 5, NULL, NULL, NULL, NULL, ''),
(1242, 104, 6, NULL, NULL, NULL, NULL, ''),
(1243, 104, 7, NULL, NULL, NULL, NULL, ''),
(1244, 104, 8, NULL, NULL, NULL, NULL, ''),
(1245, 104, 9, NULL, NULL, NULL, NULL, ''),
(1246, 104, 10, NULL, NULL, NULL, NULL, ''),
(1247, 104, 11, NULL, NULL, NULL, NULL, ''),
(1248, 104, 12, NULL, NULL, NULL, NULL, ''),
(1249, 105, 1, '175000', '0', '1', '2022-09-15 17:30:03', 'admin'),
(1250, 105, 2, '175000', '0', '1', '2022-09-15 17:30:07', 'admin'),
(1251, 105, 3, '175000', '0', '1', '2022-10-05 07:50:46', 'zakiyuddin'),
(1252, 105, 4, '175000', '0', '1', '2022-10-31 23:10:00', 'zakiyuddin'),
(1253, 105, 5, NULL, NULL, NULL, NULL, ''),
(1254, 105, 6, NULL, NULL, NULL, NULL, ''),
(1255, 105, 7, NULL, NULL, NULL, NULL, ''),
(1256, 105, 8, NULL, NULL, NULL, NULL, ''),
(1257, 105, 9, NULL, NULL, NULL, NULL, ''),
(1258, 105, 10, NULL, NULL, NULL, NULL, ''),
(1259, 105, 11, NULL, NULL, NULL, NULL, ''),
(1260, 105, 12, NULL, NULL, NULL, NULL, ''),
(1261, 106, 1, '175000', '0', '1', '2022-09-23 02:04:28', 'zakiyuddin'),
(1262, 106, 2, '175000', '0', '1', '2022-10-31 22:52:03', 'zakiyuddin'),
(1263, 106, 3, '175000', '0', '1', '2022-10-31 22:52:08', 'zakiyuddin'),
(1264, 106, 4, NULL, NULL, NULL, NULL, ''),
(1265, 106, 5, NULL, NULL, NULL, NULL, ''),
(1266, 106, 6, NULL, NULL, NULL, NULL, ''),
(1267, 106, 7, NULL, NULL, NULL, NULL, ''),
(1268, 106, 8, NULL, NULL, NULL, NULL, ''),
(1269, 106, 9, NULL, NULL, NULL, NULL, ''),
(1270, 106, 10, NULL, NULL, NULL, NULL, ''),
(1271, 106, 11, NULL, NULL, NULL, NULL, ''),
(1272, 106, 12, NULL, NULL, NULL, NULL, ''),
(1273, 107, 1, '175000', '0', '1', '2022-09-23 01:58:43', 'zakiyuddin'),
(1274, 107, 2, '175000', '0', '1', '2022-09-23 01:58:47', 'zakiyuddin'),
(1275, 107, 3, '175000', '0', '1', '2022-10-15 16:02:04', 'zakiyuddin'),
(1276, 107, 4, NULL, NULL, NULL, NULL, ''),
(1277, 107, 5, NULL, NULL, NULL, NULL, ''),
(1278, 107, 6, NULL, NULL, NULL, NULL, ''),
(1279, 107, 7, NULL, NULL, NULL, NULL, ''),
(1280, 107, 8, NULL, NULL, NULL, NULL, ''),
(1281, 107, 9, NULL, NULL, NULL, NULL, ''),
(1282, 107, 10, NULL, NULL, NULL, NULL, ''),
(1283, 107, 11, NULL, NULL, NULL, NULL, ''),
(1284, 107, 12, NULL, NULL, NULL, NULL, ''),
(1285, 108, 1, '175000', '0', '1', '2022-10-31 22:49:36', 'zakiyuddin'),
(1286, 108, 2, '175000', '0', '1', '2022-10-31 22:49:39', 'zakiyuddin'),
(1287, 108, 3, '175000', '0', '1', '2022-10-31 22:49:43', 'zakiyuddin'),
(1288, 108, 4, NULL, NULL, NULL, NULL, ''),
(1289, 108, 5, NULL, NULL, NULL, NULL, ''),
(1290, 108, 6, NULL, NULL, NULL, NULL, ''),
(1291, 108, 7, NULL, NULL, NULL, NULL, ''),
(1292, 108, 8, NULL, NULL, NULL, NULL, ''),
(1293, 108, 9, NULL, NULL, NULL, NULL, ''),
(1294, 108, 10, NULL, NULL, NULL, NULL, ''),
(1295, 108, 11, NULL, NULL, NULL, NULL, ''),
(1296, 108, 12, NULL, NULL, NULL, NULL, ''),
(1297, 109, 1, '175000', '0', '1', '2022-09-23 02:00:33', 'zakiyuddin'),
(1298, 109, 2, '175000', '0', '1', '2022-09-23 02:00:36', 'zakiyuddin'),
(1299, 109, 3, NULL, NULL, NULL, NULL, ''),
(1300, 109, 4, NULL, NULL, NULL, NULL, ''),
(1301, 109, 5, NULL, NULL, NULL, NULL, ''),
(1302, 109, 6, NULL, NULL, NULL, NULL, ''),
(1303, 109, 7, NULL, NULL, NULL, NULL, ''),
(1304, 109, 8, NULL, NULL, NULL, NULL, ''),
(1305, 109, 9, NULL, NULL, NULL, NULL, ''),
(1306, 109, 10, NULL, NULL, NULL, NULL, ''),
(1307, 109, 11, NULL, NULL, NULL, NULL, ''),
(1308, 109, 12, NULL, NULL, NULL, NULL, ''),
(1309, 110, 1, NULL, NULL, NULL, NULL, ''),
(1310, 110, 2, NULL, NULL, NULL, NULL, ''),
(1311, 110, 3, NULL, NULL, NULL, NULL, ''),
(1312, 110, 4, NULL, NULL, NULL, NULL, ''),
(1313, 110, 5, NULL, NULL, NULL, NULL, ''),
(1314, 110, 6, NULL, NULL, NULL, NULL, ''),
(1315, 110, 7, NULL, NULL, NULL, NULL, ''),
(1316, 110, 8, NULL, NULL, NULL, NULL, ''),
(1317, 110, 9, NULL, NULL, NULL, NULL, ''),
(1318, 110, 10, NULL, NULL, NULL, NULL, ''),
(1319, 110, 11, NULL, NULL, NULL, NULL, ''),
(1320, 110, 12, NULL, NULL, NULL, NULL, ''),
(1321, 111, 1, '0', '0', '1', '2022-10-06 00:53:17', 'zakiyuddin'),
(1322, 111, 2, '175000', '0', '1', '2022-10-06 07:53:27', 'zakiyuddin'),
(1323, 111, 3, '175000', '0', '1', '2022-10-06 07:53:38', 'zakiyuddin'),
(1324, 111, 4, '175000', '0', '1', '2022-11-01 22:19:02', 'zakiyuddin'),
(1325, 111, 5, NULL, NULL, NULL, NULL, ''),
(1326, 111, 6, NULL, NULL, NULL, NULL, ''),
(1327, 111, 7, NULL, NULL, NULL, NULL, ''),
(1328, 111, 8, NULL, NULL, NULL, NULL, ''),
(1329, 111, 9, NULL, NULL, NULL, NULL, ''),
(1330, 111, 10, NULL, NULL, NULL, NULL, ''),
(1331, 111, 11, NULL, NULL, NULL, NULL, ''),
(1332, 111, 12, NULL, NULL, NULL, NULL, ''),
(1333, 112, 1, '175000', '0', '1', '2022-10-06 07:58:59', 'zakiyuddin'),
(1334, 112, 2, '175000', '0', '1', '2022-10-06 07:59:03', 'zakiyuddin'),
(1335, 112, 3, '175000', '0', '1', '2022-10-06 07:59:10', 'zakiyuddin'),
(1336, 112, 4, NULL, NULL, NULL, NULL, ''),
(1337, 112, 5, NULL, NULL, NULL, NULL, ''),
(1338, 112, 6, NULL, NULL, NULL, NULL, ''),
(1339, 112, 7, NULL, NULL, NULL, NULL, ''),
(1340, 112, 8, NULL, NULL, NULL, NULL, ''),
(1341, 112, 9, NULL, NULL, NULL, NULL, ''),
(1342, 112, 10, NULL, NULL, NULL, NULL, ''),
(1343, 112, 11, NULL, NULL, NULL, NULL, ''),
(1344, 112, 12, NULL, NULL, NULL, NULL, ''),
(1345, 113, 1, '175000', '0', '1', '2022-10-31 22:35:26', 'zakiyuddin'),
(1346, 113, 2, '175000', '0', '1', '2022-10-31 22:35:29', 'zakiyuddin'),
(1347, 113, 3, '175000', '0', '1', '2022-10-31 22:35:34', 'zakiyuddin'),
(1348, 113, 4, '175000', '0', '1', '2022-10-31 23:28:33', 'zakiyuddin'),
(1349, 113, 5, NULL, NULL, NULL, NULL, ''),
(1350, 113, 6, NULL, NULL, NULL, NULL, ''),
(1351, 113, 7, NULL, NULL, NULL, NULL, ''),
(1352, 113, 8, NULL, NULL, NULL, NULL, ''),
(1353, 113, 9, NULL, NULL, NULL, NULL, ''),
(1354, 113, 10, NULL, NULL, NULL, NULL, ''),
(1355, 113, 11, NULL, NULL, NULL, NULL, ''),
(1356, 113, 12, NULL, NULL, NULL, NULL, ''),
(1357, 114, 1, '0', '0', '1', '2022-10-11 04:06:19', 'zakiyuddin'),
(1358, 114, 2, '175000', '0', '1', '2022-10-11 11:06:28', 'zakiyuddin'),
(1359, 114, 3, NULL, NULL, NULL, NULL, ''),
(1360, 114, 4, NULL, NULL, NULL, NULL, ''),
(1361, 114, 5, NULL, NULL, NULL, NULL, ''),
(1362, 114, 6, NULL, NULL, NULL, NULL, ''),
(1363, 114, 7, NULL, NULL, NULL, NULL, ''),
(1364, 114, 8, NULL, NULL, NULL, NULL, ''),
(1365, 114, 9, NULL, NULL, NULL, NULL, ''),
(1366, 114, 10, NULL, NULL, NULL, NULL, ''),
(1367, 114, 11, NULL, NULL, NULL, NULL, ''),
(1368, 114, 12, NULL, NULL, NULL, NULL, ''),
(1369, 115, 1, NULL, NULL, NULL, NULL, ''),
(1370, 115, 2, NULL, NULL, NULL, NULL, ''),
(1371, 115, 3, NULL, NULL, NULL, NULL, ''),
(1372, 115, 4, NULL, NULL, NULL, NULL, ''),
(1373, 115, 5, NULL, NULL, NULL, NULL, ''),
(1374, 115, 6, NULL, NULL, NULL, NULL, ''),
(1375, 115, 7, NULL, NULL, NULL, NULL, ''),
(1376, 115, 8, NULL, NULL, NULL, NULL, ''),
(1377, 115, 9, NULL, NULL, NULL, NULL, ''),
(1378, 115, 10, NULL, NULL, NULL, NULL, ''),
(1379, 115, 11, NULL, NULL, NULL, NULL, ''),
(1380, 115, 12, NULL, NULL, NULL, NULL, ''),
(1381, 116, 1, '175000', '0', '1', '2022-10-31 22:40:09', 'zakiyuddin'),
(1382, 116, 2, '175000', '0', '1', '2022-10-31 22:40:14', 'zakiyuddin'),
(1383, 116, 3, '175000', '0', '1', '2022-10-31 22:40:19', 'zakiyuddin'),
(1384, 116, 4, NULL, NULL, NULL, NULL, ''),
(1385, 116, 5, NULL, NULL, NULL, NULL, ''),
(1386, 116, 6, NULL, NULL, NULL, NULL, ''),
(1387, 116, 7, NULL, NULL, NULL, NULL, ''),
(1388, 116, 8, NULL, NULL, NULL, NULL, ''),
(1389, 116, 9, NULL, NULL, NULL, NULL, ''),
(1390, 116, 10, NULL, NULL, NULL, NULL, ''),
(1391, 116, 11, NULL, NULL, NULL, NULL, ''),
(1392, 116, 12, NULL, NULL, NULL, NULL, '');

-- --------------------------------------------------------

--
-- Table structure for table `tb_jurnal_umum`
--

CREATE TABLE `tb_jurnal_umum` (
  `id_jurnal_umum` int(11) NOT NULL,
  `pemasukan` varchar(200) NOT NULL,
  `pengeluaran` varchar(200) NOT NULL,
  `tgl_jurnal` date NOT NULL,
  `keterangan` varchar(200) NOT NULL,
  `created_by` varchar(200) NOT NULL
) ENGINE=InnoDB DEFAULT CHARSET=utf8mb4;

-- --------------------------------------------------------

--
-- Table structure for table `tb_kamar`
--

CREATE TABLE `tb_kamar` (
  `id_kamar` int(11) NOT NULL,
  `nama_kamar` varchar(200) NOT NULL
) ENGINE=InnoDB DEFAULT CHARSET=utf8mb4;

--
-- Dumping data for table `tb_kamar`
--

INSERT INTO `tb_kamar` (`id_kamar`, `nama_kamar`) VALUES
(1, 'Umar 1'),
(2, 'Umar 2'),
(3, 'Umar 3'),
(4, 'Umar 4'),
(5, 'Umar 5'),
(6, 'Umar 6'),
(8, 'Umar 7'),
(9, 'Abu Bakar 1'),
(10, 'Abu Bakar 2'),
(14, 'Alumni');

-- --------------------------------------------------------

--
-- Table structure for table `tb_kelas`
--

CREATE TABLE `tb_kelas` (
  `id_kelas` int(11) NOT NULL,
  `nama_kelas` varchar(100) NOT NULL
) ENGINE=InnoDB DEFAULT CHARSET=utf8mb4;

--
-- Dumping data for table `tb_kelas`
--

INSERT INTO `tb_kelas` (`id_kelas`, `nama_kelas`) VALUES
(1, 'Ibtida\''),
(2, 'Jurumiah'),
(3, 'Imrity'),
(4, 'Alfiyah 1'),
(5, 'Alfiyah 2'),
(6, 'Musyawirin');

-- --------------------------------------------------------

--
-- Table structure for table `tb_tahun`
--

CREATE TABLE `tb_tahun` (
  `id_tahun` int(11) NOT NULL,
  `nama_tahun` varchar(200) NOT NULL,
  `nominal_tagihan` varchar(200) NOT NULL
) ENGINE=InnoDB DEFAULT CHARSET=utf8mb4;

--
-- Dumping data for table `tb_tahun`
--

INSERT INTO `tb_tahun` (`id_tahun`, `nama_tahun`, `nominal_tagihan`) VALUES
(1, '1444 H', '175000');

--
-- Indexes for dumped tables
--

--
-- Indexes for table `tb_admin`
--
ALTER TABLE `tb_admin`
  ADD PRIMARY KEY (`id_admin`);

--
-- Indexes for table `tb_bulan`
--
ALTER TABLE `tb_bulan`
  ADD PRIMARY KEY (`id_bulan`);

--
-- Indexes for table `tb_data_santri`
--
ALTER TABLE `tb_data_santri`
  ADD PRIMARY KEY (`id`);

--
-- Indexes for table `tb_data_tagihan`
--
ALTER TABLE `tb_data_tagihan`
  ADD PRIMARY KEY (`id`),
  ADD KEY `id_tahun` (`id_tahun`);

--
-- Indexes for table `tb_data_transaksi`
--
ALTER TABLE `tb_data_transaksi`
  ADD PRIMARY KEY (`id_data_transaksi`),
  ADD KEY `id_data_tagihan` (`id_data_tagihan`),
  ADD KEY `id_data_santri` (`id_data_santri`),
  ADD KEY `id_data_tagihan_2` (`id_data_tagihan`);

--
-- Indexes for table `tb_jurnal_umum`
--
ALTER TABLE `tb_jurnal_umum`
  ADD PRIMARY KEY (`id_jurnal_umum`);

--
-- Indexes for table `tb_kamar`
--
ALTER TABLE `tb_kamar`
  ADD PRIMARY KEY (`id_kamar`);

--
-- Indexes for table `tb_kelas`
--
ALTER TABLE `tb_kelas`
  ADD PRIMARY KEY (`id_kelas`);

--
-- Indexes for table `tb_tahun`
--
ALTER TABLE `tb_tahun`
  ADD PRIMARY KEY (`id_tahun`);

--
-- AUTO_INCREMENT for dumped tables
--

--
-- AUTO_INCREMENT for table `tb_admin`
--
ALTER TABLE `tb_admin`
  MODIFY `id_admin` int(11) NOT NULL AUTO_INCREMENT, AUTO_INCREMENT=5;

--
-- AUTO_INCREMENT for table `tb_bulan`
--
ALTER TABLE `tb_bulan`
  MODIFY `id_bulan` int(11) NOT NULL AUTO_INCREMENT, AUTO_INCREMENT=13;

--
-- AUTO_INCREMENT for table `tb_data_santri`
--
ALTER TABLE `tb_data_santri`
  MODIFY `id` int(11) NOT NULL AUTO_INCREMENT, AUTO_INCREMENT=117;

--
-- AUTO_INCREMENT for table `tb_data_tagihan`
--
ALTER TABLE `tb_data_tagihan`
  MODIFY `id` int(11) NOT NULL AUTO_INCREMENT, AUTO_INCREMENT=13;

--
-- AUTO_INCREMENT for table `tb_data_transaksi`
--
ALTER TABLE `tb_data_transaksi`
  MODIFY `id_data_transaksi` int(11) NOT NULL AUTO_INCREMENT, AUTO_INCREMENT=1393;

--
-- AUTO_INCREMENT for table `tb_jurnal_umum`
--
ALTER TABLE `tb_jurnal_umum`
  MODIFY `id_jurnal_umum` int(11) NOT NULL AUTO_INCREMENT;

--
-- AUTO_INCREMENT for table `tb_kamar`
--
ALTER TABLE `tb_kamar`
  MODIFY `id_kamar` int(11) NOT NULL AUTO_INCREMENT, AUTO_INCREMENT=15;

--
-- AUTO_INCREMENT for table `tb_kelas`
--
ALTER TABLE `tb_kelas`
  MODIFY `id_kelas` int(11) NOT NULL AUTO_INCREMENT, AUTO_INCREMENT=7;

--
-- AUTO_INCREMENT for table `tb_tahun`
--
ALTER TABLE `tb_tahun`
  MODIFY `id_tahun` int(11) NOT NULL AUTO_INCREMENT, AUTO_INCREMENT=2;

--
-- Constraints for dumped tables
--

--
-- Constraints for table `tb_data_tagihan`
--
ALTER TABLE `tb_data_tagihan`
  ADD CONSTRAINT `tb_data_tagihan_ibfk_1` FOREIGN KEY (`id_tahun`) REFERENCES `tb_tahun` (`id_tahun`) ON DELETE CASCADE ON UPDATE CASCADE;

--
-- Constraints for table `tb_data_transaksi`
--
ALTER TABLE `tb_data_transaksi`
  ADD CONSTRAINT `tb_data_transaksi_ibfk_1` FOREIGN KEY (`id_data_tagihan`) REFERENCES `tb_data_tagihan` (`id`) ON DELETE CASCADE ON UPDATE CASCADE,
  ADD CONSTRAINT `tb_data_transaksi_ibfk_2` FOREIGN KEY (`id_data_santri`) REFERENCES `tb_data_santri` (`id`) ON DELETE CASCADE ON UPDATE CASCADE;
COMMIT;

/*!40101 SET CHARACTER_SET_CLIENT=@OLD_CHARACTER_SET_CLIENT */;
/*!40101 SET CHARACTER_SET_RESULTS=@OLD_CHARACTER_SET_RESULTS */;
/*!40101 SET COLLATION_CONNECTION=@OLD_COLLATION_CONNECTION */;
